split,bucket,n,target2_rate,ret20_mean
D,C1_S1,27,0.2222222222222222,0.5428231494930412
D,C1_S2,27,0.2962962962962963,1.1026634981530856
D,C1_S3,32,0.21875,0.7655895330645883
D,C2_S1,41,0.12195121951219512,0.07271885320745554
D,C2_S2,28,0.21428571428571427,-0.7096598182542986
D,C2_S3,17,0.17647058823529413,0.2757873884628558
D,C3_S1,18,0.3333333333333333,0.2658248315744597
D,C3_S2,31,0.25806451612903225,-0.44718402655587786
D,C3_S3,37,0.2702702702702703,0.10918052916601924
V,C1_S1,17,0.35294117647058826,-0.06658415730830923
V,C1_S2,16,0.4375,0.6782309812484177
V,C1_S3,34,0.29411764705882354,0.4298297434685324
V,C2_S1,49,0.1836734693877551,-0.07524406403085108
V,C2_S2,22,0.18181818181818182,0.09200896387661756
V,C2_S3,16,0.125,-1.1965379092124473
V,C3_S1,28,0.25,-0.1298304040910418
V,C3_S2,28,0.17857142857142858,0.3162452694773423
V,C3_S3,45,0.4444444444444444,1.3154424186533364
