metric,hm6_n,hm1not6_n,hm6_mean,hm1not6_mean,delta
mfe3,54,12,1.35127659671036,0.7009842542457796,0.6502923424645803
mfe5,54,12,1.7848045969777258,0.8550897006594745,0.9297148963182512
mfe10,54,12,2.2440453196667085,1.0973965505084873,1.1466487691582212
mfe20,54,12,2.98973524605951,1.3583264218872546,1.6314088241722555
mae3,54,12,0.9875159596790042,0.9714192184913449,0.016096741187659247
mae5,54,12,1.0770058317508744,1.2998493334415546,-0.22284350169068023
mae10,54,12,1.2737994482438935,2.168633353540827,-0.8948339052969336
mae20,54,12,1.4965716400987603,2.7371988724137064,-1.240627232314946
retclose3,54,12,0.36478302283080627,-0.11236648578095142,0.4771495086117577
retclose5,54,12,0.6251393096900032,-0.4865840483381321,1.1117233580281354
retclose10,54,12,0.9688173852398598,-0.7151005151820375,1.6839179004218974
retclose20,54,12,1.453684377130131,-1.0410014024144962,2.4946857795446276
tf0.5_rate,54,12,0.8888888888888888,0.9166666666666666,-0.02777777777777779
tf1_rate,54,12,0.8333333333333334,0.6666666666666666,0.16666666666666674
tf1.5_rate,54,12,0.6666666666666666,0.3333333333333333,0.3333333333333333
tf2_rate,54,12,0.5740740740740741,0.3333333333333333,0.24074074074074076
tf3_rate,54,12,0.42592592592592593,0.16666666666666666,0.2592592592592593
adverse0.5_rate,54,12,0.8888888888888888,1.0,-0.11111111111111116
adverse1_rate,54,12,0.7222222222222222,1.0,-0.2777777777777778
