model,train_n,test_n,train_base_rate,test_base_rate,auc,brier,feature_count
geometry_only,258,255,0.22868217054263565,0.27450980392156865,0.5095752895752896,0.2037764433177801,9
geometry_plus_HM1,258,255,0.22868217054263565,0.27450980392156865,0.5112741312741313,0.20547741020408106,10
geometry_plus_HM1_pressure,258,255,0.22868217054263565,0.27450980392156865,0.5074131274131274,0.2082200481266061,11
geometry_plus_HM1_clipcount,258,255,0.22868217054263565,0.27450980392156865,0.5203861003861003,0.21040229335345234,11
geometry_plus_HM1_all_SALMA_context,258,255,0.22868217054263565,0.27450980392156865,0.5182239382239382,0.21120801043429566,13
HM1_geometry_only,73,66,0.3150684931506849,0.2878787878787879,0.5755879059350504,0.20663790430996434,9
HM1_geometry_plus_pressure,73,66,0.3150684931506849,0.2878787878787879,0.6013437849944009,0.21676498785922646,10
HM1_geometry_plus_clipcount,73,66,0.3150684931506849,0.2878787878787879,0.5431131019036954,0.24837877791894797,10
HM1_geometry_plus_pressure_count,73,66,0.3150684931506849,0.2878787878787879,0.5856662933930572,0.2404476649674965,11
