cohort,horizon,n,mean,median,positive_rate
Control,1,374,-0.0694630374423805,-0.0491575166326204,0.44385026737967914
Control,3,370,-0.09111765441408332,-0.11450977085399888,0.4243243243243243
Control,5,359,-0.10342965722752573,-0.2285447761194014,0.42618384401114207
Control,10,333,-0.12675372491441111,-0.24347826086964572,0.44144144144144143
Control,20,297,-0.03533239600733977,0.029885793574554335,0.5084175084175084
H-M1-not6,1,21,0.036410530678009354,-0.16122840690978438,0.42857142857142855
H-M1-not6,3,21,-0.21616358794475787,-0.035275590551148615,0.42857142857142855
H-M1-not6,5,20,-0.6780345783573887,-0.37490217690825245,0.3
H-M1-not6,10,20,-0.8962675613812955,-0.1620754880277986,0.45
H-M1-not6,20,15,-0.9142528725485339,-0.8763144717075662,0.3333333333333333
H-M6,1,118,0.08875649672623939,-0.050034457961240716,0.4576271186440678
H-M6,3,116,0.23257509958781675,-0.06342791425380137,0.45689655172413796
H-M6,5,116,0.36918471000131453,-0.03593039675951695,0.49137931034482757
H-M6,10,105,0.8297605515925208,0.37308209959614924,0.5904761904761905
H-M6,20,86,1.4448271847857186,0.7097544957871225,0.6511627906976745
