horizon,todbin,hm6_mean,control_mean,delta,hm6_n,control_n
5,18,0.5676598906573092,0.3281727250696237,0.23948716558768546,8,40
5,19,-0.1808368038612174,0.07198897887830977,-0.25282578273952716,4,5
5,20,0.18820020455390885,-0.39483736246263756,0.5830375670165464,3,16
5,21,1.4357682348854752,-0.23027237215338442,1.6660406070388596,4,8
5,22,-0.3391018557868914,-0.200053418097343,-0.1390484376895484,2,13
5,23,0.7315365553716034,-0.06502528560657095,0.7965618409781744,4,12
5,24,-0.04545676101956808,0.5444361046540256,-0.5898928656735937,6,16
5,25,-0.9316400887672289,0.6103867344482053,-1.5420268232154344,5,15
5,26,-0.5074478649453281,0.04076947943107849,-0.5482173443764066,1,16
5,27,3.830888844147343,-1.1059717174310233,4.936860561578366,7,18
5,28,-0.6589082977133911,0.5529588901326002,-1.2118671878459915,6,7
5,29,0.8519209596531384,-1.0841863716717628,1.936107331324901,3,9
10,18,1.5131126953279908,0.17275548781682515,1.3403572075111656,8,40
10,19,1.0698101377508253,-0.18410094794517082,1.253911085695996,4,5
10,20,0.43451240377384986,-0.3263878699101879,0.7609002736840378,3,16
10,21,1.0118347368111686,0.552769818738087,0.4590649180730817,4,8
10,22,-0.1407360815979371,-0.19332613913247737,0.05259005753454027,2,13
10,23,1.1949678375017747,0.10410368734343393,1.0908641501583407,4,12
10,24,0.41193394944380524,0.5543059562298033,-0.14237200678599804,6,16
10,25,-0.9756876317631618,0.1895552934703223,-1.1652429252334842,5,15
10,26,-0.2989076464746245,0.17888800004629463,-0.4777956465209191,1,16
10,27,4.110404221317995,-1.2509858765848634,5.361390097902858,7,18
10,28,-0.8390816978072596,1.1801889751674683,-2.019270672974728,6,7
10,29,3.3176470588235643,0.14137787416497058,3.1762691846585938,1,6
20,18,1.58217491466318,0.3094996449841406,1.2726752696790395,8,40
20,19,1.4211223446090198,0.23809114253661656,1.1830312020724032,4,5
20,20,0.014343434063834426,0.08206262286290748,-0.06771918879907306,3,16
20,21,1.7357420552845626,0.7132530934534078,1.0224889618311548,4,8
20,22,2.322850262076834,-0.7701640219731016,3.0930142840499357,2,13
20,23,2.2826031935725757,0.426420354497368,1.8561828390752078,4,12
20,24,1.227484578168328,0.5876276286318849,0.639856949536443,6,16
20,25,-0.26078331369926855,-0.11462938342344735,-0.1461539302758212,5,15
20,26,-1.3416087388281424,0.1118216987394952,-1.4534304375676375,1,16
20,27,4.589518935145412,-1.3478943303636923,5.937413265509104,7,17
