date,daily_delta
2026-07-02,1.69506127918667
2026-07-08,15.621641430443452
2026-07-09,-0.43284896473623546
2026-07-16,-3.5089268958732442
2026-07-17,3.545581392340353
2026-07-21,0.8047302293452645
2026-07-22,-0.47356463064490306
2026-07-23,8.819652978732437
2026-07-24,-4.264319831118565
2026-07-27,2.9059853066097316
2026-08-07,-1.817222240665782
2026-08-10,0.4286268691054848
2026-08-11,-0.3481430886271238
2026-08-12,4.486523698247267
2026-08-13,0.6059575505486549
2026-08-14,-1.7482259331414447
2026-08-17,3.821045604189233
2026-08-20,-0.347778639184384
2026-08-21,1.5637655369517487
2026-09-01,1.9018454316753206
2026-09-02,-2.593918193537024
2026-09-03,0.4683025729850314
2026-09-04,-3.4324361415193163
2026-09-10,3.2999099940478023
2026-09-11,0.71500842530908
2026-09-15,1.8442686510050519
2026-09-16,1.0161875358505466
2026-09-17,1.0844643707900787
2026-09-22,5.068187487573054
2026-09-23,0.28904978978867135
2026-09-25,7.898812946675696
2026-09-28,-2.186064765817813
2026-09-29,1.5401616059562566
