cohort,favorable_level_R,n,valid_competition_n,favorable_first_rate,adverse_first_rate,same_bar_rate,both_hit_rate,fav_hit_rate,fav_median_bars,adverse1_rate,adverse1_median_bars
V_Control,1.0,189,185,0.4497354497354497,0.5238095238095238,0.005291005291005291,0.4497354497354497,0.671957671957672,3.0,0.7566137566137566,3.0
V_Control,1.5,189,183,0.3544973544973545,0.6084656084656085,0.005291005291005291,0.38095238095238093,0.5925925925925926,6.0,0.7566137566137566,3.0
V_Control,2.0,189,180,0.30158730158730157,0.6507936507936508,0.0,0.328042328042328,0.5238095238095238,8.0,0.7566137566137566,3.0
V_Control,3.0,189,176,0.21693121693121692,0.7142857142857143,0.0,0.20634920634920634,0.38095238095238093,17.0,0.7566137566137566,3.0
V_H-M1-not6,1.0,12,12,0.25,0.75,0.0,0.6666666666666666,0.6666666666666666,6.5,1.0,4.0
V_H-M1-not6,1.5,12,12,0.08333333333333333,0.9166666666666666,0.0,0.3333333333333333,0.3333333333333333,7.5,1.0,4.0
V_H-M1-not6,2.0,12,12,0.08333333333333333,0.9166666666666666,0.0,0.3333333333333333,0.3333333333333333,14.0,1.0,4.0
V_H-M1-not6,3.0,12,12,0.08333333333333333,0.9166666666666666,0.0,0.16666666666666666,0.16666666666666666,14.0,1.0,4.0
V_H-M6,1.0,54,54,0.5740740740740741,0.42592592592592593,0.0,0.5555555555555556,0.8333333333333334,4.0,0.7222222222222222,4.0
V_H-M6,1.5,54,53,0.42592592592592593,0.5555555555555556,0.0,0.4074074074074074,0.6666666666666666,8.0,0.7222222222222222,4.0
V_H-M6,2.0,54,51,0.37037037037037035,0.5740740740740741,0.0,0.35185185185185186,0.5740740740740741,9.0,0.7222222222222222,4.0
V_H-M6,3.0,54,50,0.2777777777777778,0.6481481481481481,0.0,0.2222222222222222,0.42592592592592593,11.0,0.7222222222222222,4.0
