index,tradingsymbol,datetime,dir,h_m1,aligned_clip_count_3,dwm_recent,both,salma_only,dwm_only,neither,R1.5,R2.0,R3.0,ret20atr,mfe20atr,mae20atr,out2.0,out3.0,split,h_m6
0,NIFTY26APRFUT,2026-04-01 10:25:00+05:30,-1,False,3,True,False,False,True,False,-1.0,-1.0,-1.0,-1.4231527840995248,1.2383553330298696,1.6164466697011486,STOP,STOP,D,False
1,NIFTY26APRFUT,2026-04-01 12:00:00+05:30,1,False,0,False,False,False,False,True,1.5,-1.0,-1.0,-4.85829959514166,1.8623481781376363,5.344129554655826,STOP,STOP,D,False
2,NIFTY26APRFUT,2026-04-01 12:45:00+05:30,1,False,2,False,False,False,False,True,-1.0,-1.0,-1.0,-4.190938511326817,0.7305825242718165,6.830097087378591,STOP,STOP,D,False
3,NIFTY26APRFUT,2026-04-01 14:45:00+05:30,-1,True,3,True,True,False,False,False,-1.0,-1.0,-1.0,-1.7009946442234345,0.0342769701606419,1.7009946442234345,STOP,STOP,D,True
4,NIFTY26APRFUT,2026-04-02 09:15:00+05:30,-1,False,0,False,False,False,False,True,0.0298857935745543,0.0298857935745543,0.0298857935745543,0.0298857935745543,0.8711708826982479,0.8218593233002441,TIME,TIME,D,False
5,NIFTY26APRFUT,2026-04-02 11:55:00+05:30,1,True,3,True,True,False,False,False,-1.0,-1.0,-1.0,8.971885336273266,9.762954796030694,2.1339581036383017,STOP,STOP,D,True
6,NIFTY26APRFUT,2026-04-02 12:35:00+05:30,1,False,2,False,False,False,False,True,-1.0,-1.0,-1.0,9.541588785046752,10.490186915887874,1.1939252336448598,STOP,STOP,D,False
7,NIFTY26APRFUT,2026-04-02 13:25:00+05:30,1,False,2,False,False,False,False,True,1.5,2.0,3.0,4.742874749653382,4.887382529656399,0.7397935603142631,TARGET,TARGET,D,False
8,NIFTY26APRFUT,2026-04-02 14:10:00+05:30,1,False,2,False,False,False,False,True,-1.0,-1.0,-1.0,1.557223264540336,2.3264540337711046,1.21951219512195,STOP,STOP,D,False
9,NIFTY26APRFUT,2026-04-02 15:05:00+05:30,1,False,3,True,False,False,True,False,-1.0,-1.0,-1.0,-0.4033290653008944,0.3316261203585132,1.6025608194622465,STOP,STOP,D,False
10,NIFTY26APRFUT,2026-04-06 11:10:00+05:30,-1,True,2,True,True,False,False,False,-1.0,-1.0,-1.0,-4.757325562570799,0.16091954022985,5.165290594139516,STOP,STOP,D,True
11,NIFTY26APRFUT,2026-04-06 11:55:00+05:30,1,True,3,False,False,True,False,False,1.5,2.0,3.0,4.8241978609626015,5.869986631016099,0.7767379679144584,TARGET,TARGET,D,True
12,NIFTY26APRFUT,2026-04-06 15:00:00+05:30,1,False,1,False,False,False,False,True,0.1436180706253885,0.1436180706253885,0.1436180706253885,0.1436180706253885,1.2152298283685024,0.1905701321760098,TIME,TIME,D,False
13,NIFTY26APRFUT,2026-04-07 09:15:00+05:30,-1,False,2,False,False,False,False,True,-1.0,-1.0,-1.0,-1.138228299643292,0.2101664684898618,3.843341260404279,STOP,STOP,D,False
14,NIFTY26APRFUT,2026-04-07 10:50:00+05:30,-1,False,0,False,False,False,False,True,-1.0,-1.0,-1.0,-1.032003640224445,1.044744425906275,2.43561352950099,STOP,STOP,D,False
15,NIFTY26APRFUT,2026-04-07 11:55:00+05:30,1,False,1,False,False,False,False,True,-1.0,-1.0,-1.0,0.9317647058823189,1.2941176470588236,1.952941176470588,STOP,STOP,D,False
16,NIFTY26APRFUT,2026-04-07 13:30:00+05:30,1,True,1,False,False,True,False,False,1.5,-1.0,-1.0,2.7107920125646365,3.530625981602072,1.356966569441257,STOP,STOP,D,False
17,NIFTY26APRFUT,2026-04-07 14:55:00+05:30,1,True,3,False,False,True,False,False,0.6173066323718546,0.6173066323718546,0.6173066323718546,0.6173066323718546,1.116296160205808,0.5144221936432122,TIME,TIME,D,True
18,NIFTY26APRFUT,2026-04-08 09:15:00+05:30,1,False,3,False,False,False,False,True,1.447375116614373,1.447375116614373,1.447375116614373,1.447375116614373,1.4841828513272717,0.3467051140700593,TIME,TIME,D,False
19,NIFTY26APRFUT,2026-04-08 09:35:00+05:30,1,False,2,False,False,False,False,True,1.006369426751602,1.006369426751602,1.006369426751602,1.006369426751602,1.1140706427330636,0.5651418645049093,TIME,TIME,D,False
20,NIFTY26APRFUT,2026-04-08 09:45:00+05:30,1,False,2,False,False,False,False,True,0.6637783045859524,0.6637783045859524,0.6637783045859524,0.6637783045859524,0.9682007684132864,0.8011117469140805,TIME,TIME,D,False
21,NIFTY26APRFUT,2026-04-08 11:50:00+05:30,-1,True,1,True,True,False,False,False,1.5,-1.0,-1.0,-1.2458682939232046,1.8403254513094451,1.4238494787693767,STOP,STOP,D,False
22,NIFTY26APRFUT,2026-04-08 12:30:00+05:30,-1,False,1,False,False,False,False,True,-1.0,-1.0,-1.0,-1.8044444444445191,0.178888888888834,4.402222222222295,STOP,STOP,D,False
23,NIFTY26APRFUT,2026-04-08 13:35:00+05:30,1,False,3,False,False,False,False,True,-1.0,-1.0,-1.0,-0.1710423706784768,0.764231868988821,2.147127631920973,STOP,STOP,D,False
24,NIFTY26APRFUT,2026-04-08 14:40:00+05:30,1,True,2,False,False,True,False,False,-1.0,-1.0,-1.0,0.7808936825885526,0.9060092449923162,2.32973805855167,STOP,STOP,D,True
25,NIFTY26APRFUT,2026-04-09 09:15:00+05:30,-1,False,0,False,False,False,False,True,-1.0,-1.0,-1.0,1.9460000000000144,3.808000000000028,1.7780000000000131,STOP,STOP,D,False
26,NIFTY26APRFUT,2026-04-09 11:45:00+05:30,1,False,3,False,False,False,False,True,-1.0,-1.0,-1.0,-3.68610074626868,0.6333955223879841,3.797108208955293,STOP,STOP,D,False
27,NIFTY26APRFUT,2026-04-09 12:45:00+05:30,-1,True,3,True,True,False,False,False,-1.0,-1.0,-1.0,2.4596301308073203,2.7501127649976898,1.0135317997294295,STOP,STOP,D,True
28,NIFTY26APRFUT,2026-04-09 14:20:00+05:30,-1,False,2,True,False,False,True,False,1.5,-1.0,-1.0,-2.1034241788958448,1.630561378989027,2.902399254600468,STOP,STOP,D,False
29,NIFTY26APRFUT,2026-04-10 09:15:00+05:30,1,False,1,False,False,False,False,True,-1.0,-1.0,-1.0,1.2449753507774337,2.1740614334471315,1.223739097459192,STOP,STOP,D,False
30,NIFTY26APRFUT,2026-04-10 09:45:00+05:30,1,False,1,False,False,False,False,True,-1.0,-1.0,-1.0,0.4075691411935936,1.6557496360989743,1.11826783114996,STOP,STOP,D,False
31,NIFTY26APRFUT,2026-04-10 11:45:00+05:30,-1,False,2,False,False,False,False,True,-1.0,-1.0,-1.0,-2.097074895532116,0.0,3.532626165220244,STOP,STOP,D,False
32,NIFTY26APRFUT,2026-04-10 12:20:00+05:30,1,True,2,False,False,True,False,False,-1.0,-1.0,-1.0,0.9685534591194968,1.3647798742138364,1.2899371069182068,STOP,STOP,D,True
33,NIFTY26APRFUT,2026-04-10 13:55:00+05:30,1,True,2,True,True,False,False,False,-1.0,-1.0,-1.0,1.095987411487095,1.646734854445394,6.306058221872523,STOP,STOP,D,True
34,NIFTY26APRFUT,2026-04-13 09:15:00+05:30,-1,False,0,False,False,False,False,True,-1.0,-1.0,-1.0,-1.9174168767254536,0.3008042251830749,2.2501500420117204,STOP,STOP,D,False
35,NIFTY26APRFUT,2026-04-13 10:20:00+05:30,1,True,1,True,True,False,False,False,0.9531013615733648,0.9531013615733648,0.9531013615733648,0.9531013615733648,1.3615733736762354,0.2420574886535529,TIME,TIME,D,False
36,NIFTY26APRFUT,2026-04-13 11:35:00+05:30,1,False,1,False,False,False,False,True,1.5,2.0,3.0,2.795074758135337,3.4928173556140703,0.7346819114629614,TARGET,TARGET,D,False
37,NIFTY26APRFUT,2026-04-13 12:25:00+05:30,1,False,2,False,False,False,False,True,-1.0,-1.0,-1.0,0.2955145118733789,2.5118733509234965,2.741717971269375,STOP,STOP,D,False
38,NIFTY26APRFUT,2026-04-13 13:50:00+05:30,1,False,1,False,False,False,False,True,-1.0,-1.0,-1.0,-2.121886592474826,1.0757816640169435,2.4780074191838293,STOP,STOP,D,False
39,NIFTY26APRFUT,2026-04-13 13:55:00+05:30,1,False,1,False,False,False,False,True,-1.0,-1.0,-1.0,-2.396493941737582,0.3573085846866914,2.742974993555004,STOP,STOP,D,False
40,NIFTY26APRFUT,2026-04-15 09:15:00+05:30,1,False,0,False,False,False,False,True,-1.0,-1.0,-1.0,-0.2762932091198564,0.6675655797989929,1.3746016180436085,STOP,STOP,D,False
41,NIFTY26APRFUT,2026-04-15 13:20:00+05:30,-1,False,1,False,False,False,False,True,-1.0,-1.0,-1.0,-1.4899680139575118,0.537365513230629,2.466996219831329,STOP,STOP,D,False
42,NIFTY26APRFUT,2026-04-15 14:50:00+05:30,1,False,1,False,False,False,False,True,-1.0,-1.0,-1.0,-2.9607250755287846,0.2416918429003089,3.262839879154171,STOP,STOP,D,False
43,NIFTY26APRFUT,2026-04-16 09:15:00+05:30,1,False,0,False,False,False,False,True,-1.0,-1.0,-1.0,-2.1699625868519257,0.7108498129342514,3.9283805451629688,STOP,STOP,D,False
44,NIFTY26APRFUT,2026-04-16 13:50:00+05:30,1,True,2,True,True,False,False,False,-1.0,-1.0,-1.0,-0.123397435897407,2.2585470085470325,1.854700854700775,STOP,STOP,D,True
45,NIFTY26APRFUT,2026-04-16 14:25:00+05:30,1,False,1,False,False,False,False,True,1.5,-0.5383235067931269,-0.5383235067931269,-0.5383235067931269,1.7477569853883783,0.9438605485772564,TIME,TIME,D,False
46,NIFTY26APRFUT,2026-04-16 14:30:00+05:30,1,False,2,False,False,False,False,True,-1.0,-1.0,-1.0,-1.70067348465952,0.5238214018458403,2.095285607383361,STOP,STOP,D,False
47,NIFTY26APRFUT,2026-04-17 10:00:00+05:30,1,True,3,True,True,False,False,False,1.0912651782216831,1.0912651782216831,1.0912651782216831,1.0912651782216831,1.4806110458284414,0.4935370152761471,TIME,TIME,D,True
48,NIFTY26APRFUT,2026-04-17 11:50:00+05:30,1,False,1,False,False,False,False,True,-1.0,-1.0,-1.0,-0.6805555555555778,0.5324074074073984,2.5046296296296884,STOP,STOP,D,False
49,NIFTY26APRFUT,2026-04-20 09:15:00+05:30,-1,False,0,False,False,False,False,True,-1.0,-1.0,-1.0,-3.336700336700293,1.8821548821549343,3.949494949494932,STOP,STOP,D,False
50,NIFTY26APRFUT,2026-04-20 10:30:00+05:30,1,False,3,False,False,False,False,True,-0.0798234320396891,-0.0798234320396891,-0.0798234320396891,-0.0798234320396891,0.937281589111666,0.849733308809993,TIME,TIME,D,False
51,NIFTY26APRFUT,2026-04-20 11:20:00+05:30,1,False,1,False,False,False,False,True,-1.0,-1.0,-1.0,-0.6588235294117897,0.9607843137254902,1.6058823529411514,STOP,STOP,D,False
52,NIFTY26APRFUT,2026-04-20 12:45:00+05:30,1,True,1,False,False,True,False,False,-1.0,-1.0,-1.0,-3.439191919191827,0.9616161616161474,6.957575757575655,STOP,STOP,D,False
53,NIFTY26APRFUT,2026-04-20 14:20:00+05:30,1,False,2,False,False,False,False,True,-1.0,-1.0,-1.0,-2.7244454607820296,0.9892522295907182,3.086210839240731,STOP,STOP,D,False
54,NIFTY26APRFUT,2026-04-20 15:15:00+05:30,-1,True,2,True,True,False,False,False,-0.1331382589612779,-0.1331382589612779,-0.1331382589612779,-0.1331382589612779,0.2526213118750766,0.5769324554987055,TIME,TIME,D,True
55,NIFTY26APRFUT,2026-04-21 09:15:00+05:30,1,False,0,False,False,False,False,True,1.5,2.0,3.0,3.1235730022031296,3.25816142599642,0.5047065892249156,TARGET,TARGET,D,False
56,NIFTY26APRFUT,2026-04-21 09:45:00+05:30,1,False,2,False,False,False,False,True,1.5,0.8574761812171957,0.8574761812171957,0.8574761812171957,1.7203966556484886,0.5934279603344204,TIME,TIME,D,False
57,NIFTY26APRFUT,2026-04-21 10:50:00+05:30,1,False,2,False,False,False,False,True,-1.0,-1.0,-1.0,0.0751025560113927,1.3695171978542222,1.502051120227211,STOP,STOP,D,False
58,NIFTY26APRFUT,2026-04-21 12:10:00+05:30,1,True,2,True,True,False,False,False,-1.0,-1.0,-1.0,-0.8717091516924975,0.6435436690346669,2.819891349770129,STOP,STOP,D,True
59,NIFTY26APRFUT,2026-04-21 14:20:00+05:30,1,True,1,True,True,False,False,False,-1.0,-1.0,-1.0,0.0794923179693035,0.9585838343353096,1.9405477621909923,STOP,STOP,D,False
60,NIFTY26APRFUT,2026-04-22 09:15:00+05:30,-1,False,1,False,False,False,False,True,1.5,2.0,3.0,1.698019801980149,5.275027502750296,0.6507150715072093,TARGET,TARGET,D,False
61,NIFTY26APRFUT,2026-04-22 13:20:00+05:30,-1,False,1,True,False,False,True,False,-1.0,-1.0,-1.0,-0.0075614366729953,0.1398865784499318,2.880907372400761,STOP,STOP,D,False
62,NIFTY26APRFUT,2026-04-22 13:55:00+05:30,1,True,2,False,False,True,False,False,-1.0,-1.0,-1.0,-2.02546296296295,0.445601851851849,2.957175925925907,STOP,STOP,D,True
63,NIFTY26APRFUT,2026-04-23 09:15:00+05:30,-1,False,0,False,False,False,False,True,-1.0,-1.0,-1.0,-0.3229308005427771,0.759837177747618,2.849389416553568,STOP,STOP,D,False
64,NIFTY26APRFUT,2026-04-23 10:45:00+05:30,-1,True,3,True,True,False,False,False,0.3446799400556556,0.3446799400556556,0.3446799400556556,0.3446799400556556,0.6444016270605736,0.9710982658959776,TIME,TIME,D,True
65,NIFTY26APRFUT,2026-04-23 13:15:00+05:30,1,True,3,False,False,True,False,False,1.5,2.0,-1.0,-3.0499243570347288,2.0332829046898198,3.897125567322153,TARGET,STOP,D,True
66,NIFTY26APRFUT,2026-04-23 13:20:00+05:30,1,True,3,False,False,True,False,False,-1.0,-1.0,-1.0,-3.418788907753176,0.7011884550085077,4.844934917939913,STOP,STOP,D,True
67,NIFTY26APRFUT,2026-04-24 10:20:00+05:30,-1,False,1,False,False,False,False,True,0.436670687575352,0.436670687575352,0.436670687575352,0.436670687575352,0.9722557297949052,0.8805790108564436,TIME,TIME,D,False
68,NIFTY26APRFUT,2026-04-24 13:30:00+05:30,-1,False,1,False,False,False,False,True,-1.0,-1.0,-1.0,-1.7495140238822442,1.3335184670924378,3.343515690086067,STOP,STOP,D,False
69,NIFTY26APRFUT,2026-04-24 14:25:00+05:30,1,True,2,True,True,False,False,False,1.5,-1.0,-1.0,0.9350788137857352,1.6831418648143233,1.0323270104193971,STOP,STOP,D,True
70,NIFTY26APRFUT,2026-04-27 09:15:00+05:30,1,True,2,True,True,False,False,False,1.5,2.0,1.005671077504726,1.005671077504726,2.143667296786389,0.772778827977335,TARGET,TIME,D,True
71,NIFTY26APRFUT,2026-04-27 09:45:00+05:30,1,False,1,False,False,False,False,True,-1.0,-1.0,-1.0,-1.3564404320489694,0.5619861357408008,1.672416572626108,STOP,STOP,D,False
72,NIFTY26APRFUT,2026-04-27 12:30:00+05:30,1,False,3,False,False,False,False,True,1.5,1.759220231823022,1.759220231823022,1.759220231823022,1.9620653319283987,0.6195995785036695,TIME,TIME,D,False
73,NIFTY26APRFUT,2026-04-27 13:05:00+05:30,1,False,1,False,False,False,False,True,1.5,0.8020833333333333,0.8020833333333333,0.8020833333333333,1.8229166666666663,0.8506944444444444,TIME,TIME,D,False
74,NIFTY26APRFUT,2026-04-27 14:30:00+05:30,-1,False,2,True,False,False,True,False,-1.0,-1.0,-1.0,-2.125265392781317,0.1040339702759329,2.620665251238484,STOP,STOP,D,False
75,NIFTY26APRFUT,2026-04-28 09:15:00+05:30,-1,False,1,False,False,False,False,True,-1.0,-1.0,-1.0,-2.5536547433903003,0.4199066874027973,2.9393468118195814,STOP,STOP,D,False
76,NIFTY26APRFUT,2026-04-28 12:20:00+05:30,-1,False,2,False,False,False,False,True,-1.0,-1.0,-1.0,0.5082952632843837,1.8547727819186424,1.154604472228975,STOP,STOP,D,False
77,NIFTY26AUGFUT,2026-08-03 12:30:00+05:30,-1,False,1,False,False,False,False,True,1.5,2.0,1.1030860144452057,1.1030860144452057,2.72094550229804,0.8640840446488781,TARGET,TIME,V,False
78,NIFTY26AUGFUT,2026-08-03 14:15:00+05:30,-1,True,1,False,False,True,False,False,-1.0,-1.0,-1.0,-2.562154696132545,1.3439226519338152,2.571823204419697,STOP,STOP,V,False
79,NIFTY26AUGFUT,2026-08-04 10:55:00+05:30,-1,False,2,False,False,False,False,True,-1.0,-1.0,-1.0,6.397803538743061,7.764490543013916,2.7504575960951567,STOP,STOP,V,False
80,NIFTY26AUGFUT,2026-08-04 11:45:00+05:30,-1,False,3,False,False,False,False,True,-1.0,-1.0,-1.0,3.733333333333153,3.733333333333153,1.231083844580704,STOP,STOP,V,False
81,NIFTY26AUGFUT,2026-08-04 13:40:00+05:30,-1,False,2,False,False,False,False,True,-1.0,-1.0,-1.0,-2.225110782865529,0.2564254062038678,2.63456425406204,STOP,STOP,V,False
82,NIFTY26AUGFUT,2026-08-05 09:15:00+05:30,1,False,1,False,False,False,False,True,-1.0,-1.0,-1.0,0.1051813471503108,0.2502590673575633,2.868911917098365,STOP,STOP,V,False
83,NIFTY26AUGFUT,2026-08-05 12:30:00+05:30,-1,False,2,False,False,False,False,True,1.5,2.0,1.2568306010928747,1.2568306010928747,2.8961748633879285,0.3770491803279419,TARGET,TIME,V,False
84,NIFTY26AUGFUT,2026-08-05 13:40:00+05:30,-1,False,3,True,False,False,True,False,-1.0,-1.0,-1.0,-3.999999999999892,0.0883116883117237,5.558441558441409,STOP,STOP,V,False
85,NIFTY26AUGFUT,2026-08-06 09:15:00+05:30,1,False,1,False,False,False,False,True,1.5,0.6904296875000273,0.6904296875000273,0.6904296875000273,1.708984375000006,0.273437500000001,TIME,TIME,V,False
86,NIFTY26AUGFUT,2026-08-06 09:45:00+05:30,1,False,2,False,False,False,False,True,-1.0,-1.0,-1.0,0.3128683693516165,0.3128683693516165,1.8531434184676137,STOP,STOP,V,False
87,NIFTY26AUGFUT,2026-08-06 11:10:00+05:30,1,True,1,True,True,False,False,False,-1.0,-1.0,-1.0,-1.018290089323596,1.1492981709910135,2.262866865163739,STOP,STOP,V,False
88,NIFTY26AUGFUT,2026-08-07 09:15:00+05:30,-1,False,2,False,False,False,False,True,-1.0,-1.0,-1.0,1.3655872024970388,1.9118220834958544,1.7479516191962097,STOP,STOP,V,False
89,NIFTY26AUGFUT,2026-08-07 10:15:00+05:30,-1,False,3,True,False,False,True,False,0.3969974979149606,0.3969974979149606,0.3969974979149606,0.3969974979149606,0.9418960244648678,0.8095635251598338,TIME,TIME,V,False
90,NIFTY26AUGFUT,2026-08-07 11:00:00+05:30,-1,False,1,False,False,False,False,True,-1.0,-1.0,-1.0,-0.3357441948990801,0.5542443852303691,2.376855728968288,STOP,STOP,V,False
91,NIFTY26AUGFUT,2026-08-07 13:15:00+05:30,-1,True,3,True,True,False,False,False,-1.0,-1.0,-1.0,-1.3416087388281424,1.021847070506498,3.079443892750672,STOP,STOP,V,True
92,NIFTY26AUGFUT,2026-08-10 09:15:00+05:30,1,False,1,False,False,False,False,True,-1.0,-1.0,-1.0,-0.3790613718411452,1.5794223826714386,4.106498194945741,STOP,STOP,V,False
93,NIFTY26AUGFUT,2026-08-10 10:20:00+05:30,1,True,3,True,True,False,False,False,0.0495654972643396,0.0495654972643396,0.0495654972643396,0.0495654972643396,1.067911168329596,0.8200836820083894,TIME,TIME,V,True
94,NIFTY26AUGFUT,2026-08-11 09:15:00+05:30,-1,False,0,False,False,False,False,True,1.5,2.0,1.463778939507079,1.463778939507079,2.666168782673608,0.0,TARGET,TIME,V,False
95,NIFTY26AUGFUT,2026-08-11 09:30:00+05:30,-1,True,3,True,True,False,False,False,1.5,2.0,1.8886310904872448,1.8886310904872448,2.1299303944315917,0.4176334106728477,TARGET,TIME,V,True
96,NIFTY26AUGFUT,2026-08-11 11:00:00+05:30,-1,False,1,True,False,False,True,False,-1.0,-1.0,-1.0,-0.9354988399072556,0.5197215777262005,1.2343387470997262,STOP,STOP,V,False
97,NIFTY26AUGFUT,2026-08-11 14:55:00+05:30,1,True,3,True,True,False,False,False,-1.0,-1.0,-1.0,-2.056637168141669,1.156342182890831,2.147492625368685,STOP,STOP,V,True
98,NIFTY26AUGFUT,2026-08-12 09:15:00+05:30,-1,True,2,True,True,False,False,False,-1.0,-1.0,-1.0,4.816389640510162,5.682257441051315,3.1928875144955007,STOP,STOP,V,True
99,NIFTY26AUGFUT,2026-08-12 10:55:00+05:30,-1,False,2,False,False,False,False,True,1.5,0.3536660505235975,0.3536660505235975,0.3536660505235975,1.785582255083093,0.4054220579175014,TIME,TIME,V,False
100,NIFTY26AUGFUT,2026-08-12 12:30:00+05:30,1,False,2,True,False,False,True,False,-1.0,-1.0,-1.0,-0.9044414535666778,0.6469268730371655,1.4383131449080655,STOP,STOP,V,False
101,NIFTY26AUGFUT,2026-08-12 14:30:00+05:30,1,True,2,True,True,False,False,False,1.5,2.0,3.0,3.605882352941293,4.076470588235403,0.5647058823528469,TARGET,TARGET,V,True
102,NIFTY26AUGFUT,2026-08-13 09:15:00+05:30,-1,False,0,False,False,False,False,True,1.5,0.3498920086392357,0.3498920086392357,0.3498920086392357,1.537796976241793,0.8207343412526757,TIME,TIME,V,False
103,NIFTY26AUGFUT,2026-08-13 09:25:00+05:30,-1,True,2,True,True,False,False,False,0.5355871886121474,0.5355871886121474,0.5355871886121474,0.5355871886121474,1.3078291814946308,0.7680901542111325,TIME,TIME,V,True
104,NIFTY26AUGFUT,2026-08-13 09:30:00+05:30,-1,True,3,True,True,False,False,False,-1.0,-1.0,-1.0,-0.1594079134642709,0.3028750355820567,1.68972388272133,STOP,STOP,V,True
105,NIFTY26AUGFUT,2026-08-13 11:55:00+05:30,1,False,2,False,False,False,False,True,1.5,2.0,-1.0,0.1682018422106523,2.410893071686016,1.149379255106124,TARGET,STOP,V,False
106,NIFTY26AUGFUT,2026-08-13 12:00:00+05:30,1,False,3,False,False,False,False,True,-1.0,-1.0,-1.0,-0.5900948366701776,0.5360028099754829,2.1440112399015736,STOP,STOP,V,False
107,NIFTY26AUGFUT,2026-08-13 13:40:00+05:30,1,False,2,True,False,False,True,False,-1.0,-1.0,-1.0,-1.599470666078577,0.6854874283192617,2.03793559770618,STOP,STOP,V,False
108,NIFTY26AUGFUT,2026-08-14 09:15:00+05:30,-1,False,0,False,False,False,False,True,-1.0,-1.0,-1.0,0.726103729104291,1.4762108872697457,1.4942134590654546,STOP,STOP,V,False
109,NIFTY26AUGFUT,2026-08-14 10:30:00+05:30,-1,True,3,True,True,False,False,False,-1.0,-1.0,-1.0,-1.3690671031097317,0.5728314238952502,1.649754500818279,STOP,STOP,V,True
110,NIFTY26AUGFUT,2026-08-14 13:45:00+05:30,1,True,2,True,True,False,False,False,-1.0,-1.0,-1.0,-0.6751773049645755,1.1252955082742124,1.078959810874638,STOP,STOP,V,True
111,NIFTY26AUGFUT,2026-08-17 09:15:00+05:30,-1,False,2,False,False,False,False,True,1.5,2.0,3.0,2.9100817438693136,3.972752043596843,0.2833787465938492,TARGET,TARGET,V,False
112,NIFTY26AUGFUT,2026-08-17 10:15:00+05:30,-1,False,3,False,False,False,False,True,-0.8663853727144867,-0.8663853727144867,-0.8663853727144867,-0.8663853727144867,0.8663853727144867,0.9451476793248944,TIME,TIME,V,False
113,NIFTY26AUGFUT,2026-08-17 10:40:00+05:30,-1,False,0,False,False,False,False,True,-1.0,-1.0,-1.0,-3.012733446519633,0.6714770797962362,3.226655348047565,STOP,STOP,V,False
114,NIFTY26AUGFUT,2026-08-17 11:45:00+05:30,1,True,3,True,True,False,False,False,1.5,2.0,3.0,9.917864476385889,10.301163586584378,0.2395619438740553,TARGET,TARGET,V,True
115,NIFTY26AUGFUT,2026-08-17 11:50:00+05:30,1,False,3,False,False,False,False,True,1.5,2.0,3.0,9.306930693068972,10.396039603960022,0.4851485148516117,TARGET,TARGET,V,False
116,NIFTY26AUGFUT,2026-08-17 12:45:00+05:30,1,False,3,False,False,False,False,True,1.5,2.0,3.0,0.8611111111112028,3.0555555555555225,0.527777777777671,TARGET,TARGET,V,False
117,NIFTY26AUGFUT,2026-08-17 15:25:00+05:30,-1,True,3,True,True,False,False,False,1.4038286235187247,1.4038286235187247,1.4038286235187247,1.4038286235187247,1.4038286235187247,0.1276207839562476,TIME,TIME,V,True
118,NIFTY26AUGFUT,2026-08-18 09:15:00+05:30,-1,False,3,False,False,False,False,True,-1.0,-1.0,-1.0,2.3638804968110225,2.8385364216179454,1.0198053037932733,STOP,STOP,V,False
119,NIFTY26AUGFUT,2026-08-19 09:15:00+05:30,-1,False,3,False,False,False,False,True,1.5,2.0,3.0,2.39347990902185,3.311599696739949,0.0796057619408623,TARGET,TARGET,V,False
120,NIFTY26AUGFUT,2026-08-19 14:05:00+05:30,1,False,2,True,False,False,True,False,-1.0,-1.0,-1.0,-0.9408960915156191,2.2020972354623147,2.2020972354623147,STOP,STOP,V,False
121,NIFTY26AUGFUT,2026-08-20 09:15:00+05:30,1,False,0,False,False,False,False,True,1.5,1.1375947995666509,1.1375947995666509,1.1375947995666509,1.592632719393311,0.0758396533044433,TIME,TIME,V,False
122,NIFTY26AUGFUT,2026-08-20 11:30:00+05:30,1,False,0,False,False,False,False,True,1.5,2.0,3.0,4.509068167604609,6.260162601625817,0.4552845528455777,TARGET,TARGET,V,False
123,NIFTY26AUGFUT,2026-08-20 12:40:00+05:30,1,False,2,False,False,False,False,True,1.5,2.0,3.0,1.604636188023123,4.840952994204853,0.7482292337410842,TARGET,TARGET,V,False
124,NIFTY26AUGFUT,2026-08-20 12:45:00+05:30,1,False,2,False,False,False,False,True,1.5,-1.0,-1.0,-0.5393634840872202,1.962032384142839,2.0480178671134177,STOP,STOP,V,False
125,NIFTY26AUGFUT,2026-08-20 13:55:00+05:30,-1,True,2,True,True,False,False,False,-1.0,-1.0,-1.0,1.3302052785924068,2.0938416422286945,1.5108504398824865,STOP,STOP,V,True
126,NIFTY26AUGFUT,2026-08-21 09:20:00+05:30,-1,False,1,False,False,False,False,True,1.5,-1.0,-1.0,-1.3760683760683974,1.830769230769172,1.675213675213701,STOP,STOP,V,False
127,NIFTY26AUGFUT,2026-08-21 11:50:00+05:30,-1,True,2,True,True,False,False,False,1.5,-1.0,-1.0,0.1876971608833514,1.6340694006307503,2.1309148264982327,STOP,STOP,V,True
128,NIFTY26AUGFUT,2026-08-24 09:15:00+05:30,1,False,1,False,False,False,False,True,-1.0,-1.0,-1.0,-5.645821157217929,0.5727644652250072,5.645821157217929,STOP,STOP,V,False
129,NIFTY26AUGFUT,2026-08-24 10:55:00+05:30,-1,False,2,True,False,False,True,False,-1.0,-1.0,-1.0,4.4696969696969,5.583333333333301,1.590909090909066,STOP,STOP,V,False
130,NIFTY26AUGFUT,2026-08-24 13:00:00+05:30,-1,False,2,False,False,False,False,True,1.5,-1.0,-1.0,-1.98198198198201,1.9279279279280863,2.1621621621621925,STOP,STOP,V,False
131,NIFTY26AUGFUT,2026-08-24 14:25:00+05:30,1,False,1,False,False,False,False,True,-1.0,-1.0,-1.0,-1.2512413108242213,0.8967229394241265,1.2581926514398103,STOP,STOP,V,False
132,NIFTY26AUGFUT,2026-08-25 11:55:00+05:30,1,False,1,False,False,False,False,True,-1.0,-1.0,-1.0,-4.1891592920355,0.0077433628317456,5.242256637168113,STOP,STOP,V,False
133,NIFTY26AUGFUT,2026-08-25 13:00:00+05:30,-1,False,3,False,False,False,False,True,-1.0,-1.0,-1.0,-5.649667405765147,1.3115299334809731,6.425720620842746,STOP,STOP,V,False
134,NIFTY26AUGFUT,2026-08-25 13:50:00+05:30,1,False,1,False,False,False,False,True,-1.0,-1.0,-1.0,10.884594146880426,11.94367752622894,2.8989508558808104,STOP,STOP,V,False
135,NIFTY26AUGFUT,2026-08-25 14:25:00+05:30,1,False,2,False,False,False,False,True,1.5,2.0,3.0,9.44660194174774,10.364077669903097,0.6592233009709348,TARGET,TARGET,V,False
136,NIFTY26AUGFUT,2026-08-25 14:30:00+05:30,1,False,3,False,False,False,False,True,1.5,2.0,3.0,6.608135320177265,7.369311316955359,0.5356423681031026,TARGET,TARGET,V,False
137,NIFTY26AUGFUT,2026-08-25 15:20:00+05:30,1,False,1,False,False,False,False,True,0.6037524502940825,0.6037524502940825,0.6037524502940825,0.6037524502940825,1.1330159619154685,0.4351722206664158,TIME,TIME,V,False
138,NIFTY26JULFUT,2026-07-01 09:55:00+05:30,1,False,3,False,False,False,False,True,1.5,2.0,-1.0,0.1184433164128588,2.131979695431459,1.5397631133671648,TARGET,STOP,V,False
139,NIFTY26JULFUT,2026-07-01 10:15:00+05:30,1,False,3,False,False,False,False,True,-1.0,-1.0,-1.0,-0.1027173913043755,0.5820652173912767,2.955978260869593,STOP,STOP,V,False
140,NIFTY26JULFUT,2026-07-01 12:05:00+05:30,1,False,1,False,False,False,False,True,-1.0,-1.0,-1.0,-1.1280051981806063,0.054580896686193,2.6153346328784988,STOP,STOP,V,False
141,NIFTY26JULFUT,2026-07-01 13:35:00+05:30,1,False,0,False,False,False,False,True,-1.0,-1.0,-1.0,-1.9970738844184504,0.5940014630577211,3.021214337966374,STOP,STOP,V,False
142,NIFTY26JULFUT,2026-07-02 09:15:00+05:30,1,False,0,False,False,False,False,True,1.5,2.0,-1.0,0.215827338129498,2.266187050359729,1.2230215827338222,TARGET,STOP,V,False
143,NIFTY26JULFUT,2026-07-02 09:20:00+05:30,1,True,1,True,True,False,False,False,-1.0,-1.0,-1.0,-0.8763144717075662,1.121682523785685,2.278417626439672,STOP,STOP,V,False
144,NIFTY26JULFUT,2026-07-02 09:35:00+05:30,1,False,3,False,False,False,False,True,-1.0,-1.0,-1.0,-2.152133580705013,0.2597402597402602,3.339517625231917,STOP,STOP,V,False
145,NIFTY26JULFUT,2026-07-02 10:10:00+05:30,-1,False,3,True,False,False,True,False,-1.0,-1.0,-1.0,-0.5987639060568297,0.4153275648949283,1.5228677379480704,STOP,STOP,V,False
146,NIFTY26JULFUT,2026-07-02 11:35:00+05:30,-1,False,3,False,False,False,False,True,-1.0,-1.0,-1.0,-4.223898372369964,0.5001984914648642,4.390631202858252,STOP,STOP,V,False
147,NIFTY26JULFUT,2026-07-02 12:15:00+05:30,1,True,3,False,False,True,False,False,-1.0,-1.0,-1.0,0.0053191489360927,0.8031914893616225,1.2234042553191458,STOP,STOP,V,True
148,NIFTY26JULFUT,2026-07-02 14:20:00+05:30,1,True,1,False,False,True,False,False,-1.0,-1.0,-1.0,2.0665280665281567,2.7941787941788787,1.3534303534302372,STOP,STOP,V,False
149,NIFTY26JULFUT,2026-07-03 09:15:00+05:30,1,False,1,False,False,False,False,True,1.5,2.0,1.6823406478578924,1.6823406478578924,2.230929989550684,0.182863113897597,TARGET,TIME,V,False
150,NIFTY26JULFUT,2026-07-03 11:00:00+05:30,1,False,2,False,False,False,False,True,-1.0,-1.0,-1.0,-0.6166394779770336,1.4312126155521123,2.649265905383232,STOP,STOP,V,False
151,NIFTY26JULFUT,2026-07-03 13:00:00+05:30,-1,False,0,False,False,False,False,True,1.5,2.0,3.0,5.662100456620494,6.931506849314577,0.0,TARGET,TARGET,V,False
152,NIFTY26JULFUT,2026-07-06 09:15:00+05:30,1,False,1,False,False,False,False,True,1.5,2.0,2.7022587268993443,2.7022587268993443,2.709445585215592,0.4887063655030159,TARGET,TIME,V,False
153,NIFTY26JULFUT,2026-07-06 10:20:00+05:30,1,False,1,False,False,False,False,True,0.9597141000649246,0.9597141000649246,0.9597141000649246,0.9597141000649246,1.319038336582215,0.4093567251462046,TIME,TIME,V,False
154,NIFTY26JULFUT,2026-07-06 12:00:00+05:30,1,False,2,True,False,False,True,False,1.5,2.0,3.0,0.997432605904857,3.010269576379918,0.3504492939667481,TARGET,TARGET,V,False
155,NIFTY26JULFUT,2026-07-06 12:10:00+05:30,1,False,3,True,False,False,True,False,-1.0,-1.0,-1.0,-2.355640535372902,1.1599745060547744,2.355640535372902,STOP,STOP,V,False
156,NIFTY26JULFUT,2026-07-06 14:40:00+05:30,-1,False,1,False,False,False,False,True,-1.0,-1.0,-1.0,-1.8142127264283403,0.6957733395262922,3.056200650255468,STOP,STOP,V,False
157,NIFTY26JULFUT,2026-07-07 12:15:00+05:30,-1,False,1,False,False,False,False,True,1.5,2.0,3.0,2.306513409961473,4.613026819923226,0.7662835249041811,TARGET,TARGET,V,False
158,NIFTY26JULFUT,2026-07-07 13:10:00+05:30,-1,False,1,False,False,False,False,True,-1.0,-1.0,-1.0,-0.7783825816486788,1.0777604976671424,1.110419906687479,STOP,STOP,V,False
159,NIFTY26JULFUT,2026-07-07 15:00:00+05:30,-1,False,1,True,False,False,True,False,1.5,2.0,3.0,3.2294191391558744,3.469285415795987,0.2808190555787254,TARGET,TARGET,V,False
160,NIFTY26JULFUT,2026-07-08 09:15:00+05:30,-1,False,3,False,False,False,False,True,1.5,2.0,-0.2881709223554443,-0.2881709223554443,2.702970297029629,0.6091714434601574,TARGET,TIME,V,False
161,NIFTY26JULFUT,2026-07-08 09:20:00+05:30,-1,False,3,False,False,False,False,True,-1.0,-1.0,-1.0,-1.6129985228950832,1.247661250615472,1.9128508124076604,STOP,STOP,V,False
162,NIFTY26JULFUT,2026-07-08 13:40:00+05:30,-1,True,2,True,True,False,False,False,1.5,2.0,3.0,18.919569892473163,23.760860215053675,0.5238709677419793,TARGET,TARGET,V,True
163,NIFTY26JULFUT,2026-07-08 13:45:00+05:30,-1,True,2,True,True,False,False,False,1.5,2.0,3.0,10.422543523163212,12.529359693124864,0.4131012097964027,TARGET,TARGET,V,True
164,NIFTY26JULFUT,2026-07-09 09:15:00+05:30,1,True,1,False,False,True,False,False,1.5,2.0,3.0,0.590909090909084,3.5431818181818096,0.1977272727272869,TARGET,TARGET,V,False
165,NIFTY26JULFUT,2026-07-09 09:20:00+05:30,1,False,1,False,False,False,False,True,1.5,2.0,-0.1926392572944102,-0.1926392572944102,2.8106763925729576,0.7937665782493433,TARGET,TIME,V,False
166,NIFTY26JULFUT,2026-07-09 09:30:00+05:30,1,False,3,False,False,False,False,True,-1.0,-1.0,-1.0,-0.6685996929899335,2.4571038717380405,1.2512365683097677,STOP,STOP,V,False
167,NIFTY26JULFUT,2026-07-09 10:40:00+05:30,1,False,0,False,False,False,False,True,-1.0,-1.0,-1.0,-0.2269503546099273,0.4652482269502892,2.845390070922047,STOP,STOP,V,False
168,NIFTY26JULFUT,2026-07-09 12:40:00+05:30,-1,True,2,True,True,False,False,False,-1.0,-1.0,-1.0,-1.753768844221119,0.105527638190878,3.42713567839188,STOP,STOP,V,True
169,NIFTY26JULFUT,2026-07-09 13:30:00+05:30,1,True,1,True,True,False,False,False,-1.0,-1.0,-1.0,-6.164409448818795,0.8025196850393929,6.605354330708553,STOP,STOP,V,False
170,NIFTY26JULFUT,2026-07-09 13:35:00+05:30,1,False,1,True,False,False,True,False,-1.0,-1.0,-1.0,-5.675908810844015,0.0,6.9051139864447455,STOP,STOP,V,False
171,NIFTY26JULFUT,2026-07-09 15:00:00+05:30,-1,False,2,False,False,False,False,True,1.5,2.0,0.159498718313868,0.159498718313868,2.05753346624884,0.119624038735401,TARGET,TIME,V,False
172,NIFTY26JULFUT,2026-07-10 09:15:00+05:30,1,False,2,False,False,False,False,True,0.6766507828455053,0.6766507828455053,0.6766507828455053,0.6766507828455053,1.2151123213070072,0.3240299523485005,TIME,TIME,V,False
173,NIFTY26JULFUT,2026-07-10 11:05:00+05:30,-1,False,2,False,False,False,False,True,-1.0,-1.0,-1.0,-1.201204214751511,1.496236828901081,1.966884094330127,STOP,STOP,V,False
174,NIFTY26JULFUT,2026-07-10 11:25:00+05:30,-1,False,2,False,False,False,False,True,-1.0,-1.0,-1.0,-1.7853705486044338,0.8286814244465371,2.762271414821954,STOP,STOP,V,False
175,NIFTY26JULFUT,2026-07-10 14:45:00+05:30,1,False,2,False,False,False,False,True,-1.0,-1.0,-1.0,-0.4234092694420986,0.1319717203457191,2.617439120188428,STOP,STOP,V,False
176,NIFTY26JULFUT,2026-07-13 09:15:00+05:30,-1,False,0,False,False,False,False,True,-1.0,-1.0,-1.0,-2.672852912142153,0.5583415597236094,3.5518262586376843,STOP,STOP,V,False
177,NIFTY26JULFUT,2026-07-13 10:25:00+05:30,1,False,1,False,False,False,False,True,-1.0,-1.0,-1.0,0.4837186179468574,0.7934377330350245,1.3258762117822038,STOP,STOP,V,False
178,NIFTY26JULFUT,2026-07-13 12:10:00+05:30,1,False,2,False,False,False,False,True,1.5,2.0,3.0,0.6111296234589444,4.035321559480144,1.1149616794400763,TARGET,TARGET,V,False
179,NIFTY26JULFUT,2026-07-13 12:50:00+05:30,1,False,2,False,False,False,False,True,-1.0,-1.0,-1.0,-0.160876536611407,0.138428647781959,3.101549973276175,STOP,STOP,V,False
180,NIFTY26JULFUT,2026-07-13 13:25:00+05:30,-1,False,1,True,False,False,True,False,-1.0,-1.0,-1.0,-2.1328124999999343,0.0,3.164062499999987,STOP,STOP,V,False
181,NIFTY26JULFUT,2026-07-14 09:15:00+05:30,-1,False,2,False,False,False,False,True,-1.0,-1.0,-1.0,-0.1103106708689777,2.5560558307068386,1.317424583521026,STOP,STOP,V,False
182,NIFTY26JULFUT,2026-07-14 10:15:00+05:30,-1,False,1,False,False,False,False,True,-1.0,-1.0,-1.0,-1.2353656418273211,0.0486364425916275,2.358867465693935,STOP,STOP,V,False
183,NIFTY26JULFUT,2026-07-14 11:10:00+05:30,1,False,3,False,False,False,False,True,-1.0,-1.0,-1.0,-2.64361702127657,0.1005319148936431,3.4813829787233708,STOP,STOP,V,False
184,NIFTY26JULFUT,2026-07-14 11:40:00+05:30,-1,False,1,True,False,False,True,False,1.5,2.0,0.6509495743287562,0.6509495743287562,2.2187295350359952,0.9168303863784828,TARGET,TIME,V,False
185,NIFTY26JULFUT,2026-07-14 12:05:00+05:30,-1,False,0,False,False,False,False,True,1.5,2.0,1.2506793478260152,1.2506793478260152,2.7724184782607524,0.6467391304348672,TARGET,TIME,V,False
186,NIFTY26JULFUT,2026-07-15 09:15:00+05:30,1,False,0,False,False,False,False,True,1.5,2.0,1.133073929961116,1.133073929961116,2.6583657587548903,0.0,TARGET,TIME,V,False
187,NIFTY26JULFUT,2026-07-15 11:10:00+05:30,-1,False,2,False,False,False,False,True,-1.0,-1.0,-1.0,2.796575621687696,2.796575621687696,2.853648593558874,STOP,STOP,V,False
188,NIFTY26JULFUT,2026-07-15 12:30:00+05:30,-1,False,2,True,False,False,True,False,1.5,2.0,3.0,3.939724037763128,8.464052287581431,0.3761801016703597,TARGET,TARGET,V,False
189,NIFTY26JULFUT,2026-07-15 12:35:00+05:30,-1,False,3,True,False,False,True,False,-1.0,-1.0,-1.0,3.212121212121046,7.222222222222014,1.4595959595959909,STOP,STOP,V,False
190,NIFTY26JULFUT,2026-07-15 12:55:00+05:30,-1,False,2,False,False,False,False,True,-1.0,-1.0,-1.0,-2.389990089197198,0.3815659068384415,2.389990089197198,STOP,STOP,V,False
191,NIFTY26JULFUT,2026-07-15 14:35:00+05:30,1,False,1,False,False,False,False,True,-1.0,-1.0,-1.0,-1.1625148279952524,0.2075919335705808,2.250296559905126,STOP,STOP,V,False
192,NIFTY26JULFUT,2026-07-15 14:55:00+05:30,-1,False,2,True,False,False,True,False,-0.5060240963855366,-0.5060240963855366,-0.5060240963855366,-0.5060240963855366,0.5987951807229157,0.9867469879518578,TIME,TIME,V,False
193,NIFTY26JULFUT,2026-07-16 09:15:00+05:30,1,False,1,False,False,False,False,True,-1.0,-1.0,-1.0,0.7341101694914871,0.7786016949152422,2.079978813559236,STOP,STOP,V,False
194,NIFTY26JULFUT,2026-07-16 10:45:00+05:30,1,False,1,True,False,False,True,False,1.5,2.0,-1.0,0.7753086419753148,2.222222222222137,1.2296296296296545,TARGET,STOP,V,False
195,NIFTY26JULFUT,2026-07-16 11:00:00+05:30,1,True,3,False,False,True,False,False,-1.0,-1.0,-1.0,-2.666666666666556,0.2133333333333245,3.1999999999998674,STOP,STOP,V,True
196,NIFTY26JULFUT,2026-07-16 12:00:00+05:30,-1,False,1,False,False,False,False,True,-1.0,-1.0,-1.0,5.3450479233226975,5.602236421725166,2.035143769967888,STOP,STOP,V,False
197,NIFTY26JULFUT,2026-07-16 13:30:00+05:30,-1,False,3,False,False,False,False,True,1.5,-1.0,-1.0,0.0465735196274098,1.853626081170877,1.853626081170877,STOP,STOP,V,False
198,NIFTY26JULFUT,2026-07-16 13:35:00+05:30,-1,False,3,False,False,False,False,True,-1.0,-1.0,-1.0,-1.1803829358413365,0.6960026872690014,3.047363117231959,STOP,STOP,V,False
199,NIFTY26JULFUT,2026-07-16 15:00:00+05:30,-1,False,1,False,False,False,False,True,-0.6670959433354422,-0.6670959433354422,-0.6670959433354422,-0.6670959433354422,0.0,0.8924661944622918,TIME,TIME,V,False
200,NIFTY26JULFUT,2026-07-17 09:15:00+05:30,1,False,2,False,False,False,False,True,1.5,2.0,3.0,2.0413363533408373,3.7655719139297,0.4161947904869668,TARGET,TARGET,V,False
201,NIFTY26JULFUT,2026-07-17 10:15:00+05:30,1,False,1,False,False,False,False,True,-1.0,-1.0,-1.0,-0.2212551534584703,0.4553366926248454,1.8566193311955077,STOP,STOP,V,False
202,NIFTY26JULFUT,2026-07-17 11:05:00+05:30,-1,True,0,False,False,True,False,False,-1.0,-1.0,-1.0,-1.7921465968586578,0.5717277486910353,2.070680628272212,STOP,STOP,V,False
203,NIFTY26JULFUT,2026-07-17 12:45:00+05:30,1,False,1,False,False,False,False,True,-1.0,-1.0,-1.0,-0.0839041095891275,5.843321917808164,5.238013698630175,STOP,STOP,V,False
204,NIFTY26JULFUT,2026-07-17 13:45:00+05:30,-1,False,3,False,False,False,False,True,-1.0,-1.0,-1.0,-6.932668329176949,1.2468827930174369,7.975062344139599,STOP,STOP,V,False
205,NIFTY26JULFUT,2026-07-17 13:50:00+05:30,-1,False,3,False,False,False,False,True,-1.0,-1.0,-1.0,-7.169414240617181,0.3928446159242291,8.1957207997193,STOP,STOP,V,False
206,NIFTY26JULFUT,2026-07-17 14:15:00+05:30,1,True,3,True,True,False,False,False,-1.0,-1.0,-1.0,1.5551628376672186,1.7318858874021297,1.3784397879323074,STOP,STOP,V,True
207,NIFTY26JULFUT,2026-07-17 15:20:00+05:30,1,False,1,False,False,False,False,True,0.4233941514620851,0.4233941514620851,0.4233941514620851,0.4233941514620851,0.598350412396852,0.0664833791552623,TIME,TIME,V,False
208,NIFTY26JULFUT,2026-07-20 09:15:00+05:30,-1,False,1,False,False,False,False,True,1.5,2.0,0.1780104712041399,0.1780104712041399,2.279232111692848,0.4432809773124219,TARGET,TIME,V,False
209,NIFTY26JULFUT,2026-07-20 11:50:00+05:30,-1,False,2,False,False,False,False,True,-1.0,-1.0,-1.0,-5.103505154639259,2.020618556701031,5.42680412371134,STOP,STOP,V,False
210,NIFTY26JULFUT,2026-07-20 12:45:00+05:30,-1,False,1,False,False,False,False,True,-1.0,-1.0,-1.0,-6.4757085020244425,0.0944669365722004,7.089743589743746,STOP,STOP,V,False
211,NIFTY26JULFUT,2026-07-20 13:45:00+05:30,1,False,1,False,False,False,False,True,-1.0,-1.0,-1.0,0.2824666098322826,0.8354646206308662,1.0502983802217185,STOP,STOP,V,False
212,NIFTY26JULFUT,2026-07-21 10:20:00+05:30,-1,False,2,False,False,False,False,True,0.1565040650406984,0.1565040650406984,0.1565040650406984,0.1565040650406984,1.259146341463436,0.3521341463415067,TIME,TIME,V,False
213,NIFTY26JULFUT,2026-07-21 12:55:00+05:30,-1,True,2,True,True,False,False,False,-1.0,-1.0,-1.0,-0.2206213417379537,0.9455200360198016,2.836560108059405,STOP,STOP,V,True
214,NIFTY26JULFUT,2026-07-21 14:35:00+05:30,-1,False,1,False,False,False,False,True,-1.0,-1.0,-1.0,-2.207207207207135,0.0,2.767767767767677,STOP,STOP,V,False
215,NIFTY26JULFUT,2026-07-22 09:15:00+05:30,-1,False,0,False,False,False,False,True,1.5,2.0,3.0,2.8154981549814493,5.092865928659244,0.5036900369003992,TARGET,TARGET,V,False
216,NIFTY26JULFUT,2026-07-22 10:25:00+05:30,-1,False,3,False,False,False,False,True,-1.0,-1.0,-1.0,0.388672959466958,0.8861743475846362,1.593559133814528,STOP,STOP,V,False
217,NIFTY26JULFUT,2026-07-22 12:00:00+05:30,-1,True,3,True,True,False,False,False,1.5,2.0,-1.0,0.5628980891718836,2.730891719745175,1.114649681528643,TARGET,STOP,V,True
218,NIFTY26JULFUT,2026-07-22 15:05:00+05:30,1,False,1,True,False,False,True,False,-0.0947829549980471,-0.0947829549980471,-0.0947829549980471,-0.0947829549980471,1.12066905615282,0.3289526085225744,TIME,TIME,V,False
219,NIFTY26JULFUT,2026-07-22 15:10:00+05:30,1,True,1,True,True,False,False,False,-1.0,-1.0,-1.0,-1.0641074856045378,0.1074856046065229,1.139347408829182,STOP,STOP,V,False
220,NIFTY26JULFUT,2026-07-23 09:15:00+05:30,-1,False,1,False,False,False,False,True,-1.0,-1.0,-1.0,-2.5171377029464352,1.2291040288635222,2.8833433553818213,STOP,STOP,V,False
221,NIFTY26JULFUT,2026-07-23 11:25:00+05:30,-1,True,3,True,True,False,False,False,-1.0,-1.0,-1.0,7.312367190820225,7.312367190820225,1.017424564385791,STOP,STOP,V,True
222,NIFTY26JULFUT,2026-07-23 14:30:00+05:30,1,False,2,True,False,False,True,False,-1.0,-1.0,-1.0,-0.4974338728779903,0.1823924200552228,4.637189103829345,STOP,STOP,V,False
223,NIFTY26JULFUT,2026-07-24 09:15:00+05:30,-1,False,0,False,False,False,False,True,1.5,2.0,3.0,2.833536337799357,3.2712139667072355,0.5456760048721294,TARGET,TARGET,V,False
224,NIFTY26JULFUT,2026-07-24 12:00:00+05:30,1,False,2,False,False,False,False,True,-1.0,-1.0,-1.0,1.3737046632123893,4.905440414507758,1.13341968911916,STOP,STOP,V,False
225,NIFTY26JULFUT,2026-07-24 12:20:00+05:30,1,False,1,False,False,False,False,True,1.5,2.0,3.0,3.2773851590106147,3.648409893992949,0.2267373380447595,TARGET,TARGET,V,False
226,NIFTY26JULFUT,2026-07-24 13:40:00+05:30,-1,True,2,True,True,False,False,False,-1.0,-1.0,-1.0,-1.7694444444444444,0.3111111111111111,3.2666666666666666,STOP,STOP,V,True
227,NIFTY26JULFUT,2026-07-27 09:15:00+05:30,1,True,3,True,True,False,False,False,0.7664841704356199,0.7664841704356199,0.7664841704356199,0.7664841704356199,1.4229945251131098,0.9864318019518796,TIME,TIME,V,True
228,NIFTY26JULFUT,2026-07-27 10:35:00+05:30,-1,False,2,False,False,False,False,True,-1.0,-1.0,-1.0,-3.387845303867441,0.0670349907918593,4.326335174954035,STOP,STOP,V,False
229,NIFTY26JULFUT,2026-07-27 11:25:00+05:30,1,False,2,False,False,False,False,True,-1.0,-1.0,-1.0,-0.4893475366178405,0.3029294274300917,1.3981358189081157,STOP,STOP,V,False
230,NIFTY26JULFUT,2026-07-27 13:00:00+05:30,1,False,1,False,False,False,False,True,-1.0,-1.0,-1.0,2.18909090909072,3.64363636363612,3.2290909090908926,STOP,STOP,V,False
231,NIFTY26JULFUT,2026-07-27 13:30:00+05:30,-1,False,1,False,False,False,False,True,-1.0,-1.0,-1.0,-5.306504445484306,0.2292934019653712,5.961628451099652,STOP,STOP,V,False
232,NIFTY26JULFUT,2026-07-27 14:05:00+05:30,1,True,3,True,True,False,False,False,1.5,1.5481832543444094,1.5481832543444094,1.5481832543444094,1.824644549763054,0.7298578199052618,TIME,TIME,V,True
233,NIFTY26JULFUT,2026-07-28 11:45:00+05:30,1,False,1,True,False,False,True,False,-1.0,-1.0,-1.0,-4.182543640897857,0.0,5.369576059850476,STOP,STOP,V,False
234,NIFTY26JULFUT,2026-07-28 13:10:00+05:30,-1,False,3,False,False,False,False,True,-1.0,-1.0,-1.0,-1.407999999999825,1.1520000000000683,2.2079999999997915,STOP,STOP,V,False
235,NIFTY26JUNFUT,2026-06-01 10:30:00+05:30,-1,False,1,False,False,False,False,True,-1.0,-1.0,-1.0,0.0531962449709658,1.1546714349575742,3.320071524362929,STOP,STOP,D,False
236,NIFTY26JUNFUT,2026-06-01 11:55:00+05:30,-1,False,1,False,False,False,False,True,-1.0,-1.0,-1.0,0.3243243243243182,1.6576576576576267,1.5495495495495206,STOP,STOP,D,False
237,NIFTY26JUNFUT,2026-06-01 14:00:00+05:30,-1,False,3,False,False,False,False,True,1.5,2.0,1.8658743633275896,1.8658743633275896,2.812676853423842,0.1188455008488947,TARGET,TIME,D,False
238,NIFTY26JUNFUT,2026-06-02 09:15:00+05:30,-1,False,2,False,False,False,False,True,-1.0,-1.0,-1.0,-0.9839357429718822,0.3399050748449064,2.724351953267564,STOP,STOP,D,False
239,NIFTY26JUNFUT,2026-06-02 10:20:00+05:30,1,False,1,True,False,False,True,False,-1.0,-1.0,-1.0,-1.3749561557348018,0.4910557699052864,1.723605752367573,STOP,STOP,D,False
240,NIFTY26JUNFUT,2026-06-02 12:30:00+05:30,1,False,0,False,False,False,False,True,1.5,2.0,3.0,7.255802469135661,7.895308641975162,0.2488888888889117,TARGET,TARGET,D,False
241,NIFTY26JUNFUT,2026-06-02 12:40:00+05:30,1,True,2,True,True,False,False,False,1.5,2.0,3.0,5.471492784480733,6.133901111899705,0.0,TARGET,TARGET,D,True
242,NIFTY26JUNFUT,2026-06-02 14:35:00+05:30,-1,True,1,True,True,False,False,False,1.5,-1.0,-1.0,-1.4195550957061749,1.8106570098292707,2.256078634247245,STOP,STOP,D,False
243,NIFTY26JUNFUT,2026-06-03 09:15:00+05:30,-1,False,1,False,False,False,False,True,1.5,1.427467300832306,1.427467300832306,1.427467300832306,1.80202140309152,0.2413793103448719,TIME,TIME,D,False
244,NIFTY26JUNFUT,2026-06-03 10:30:00+05:30,-1,False,0,False,False,False,False,True,1.5,0.7488619119878838,0.7488619119878838,0.7488619119878838,1.651745068285309,0.9267830045522992,TIME,TIME,D,False
245,NIFTY26JUNFUT,2026-06-03 12:00:00+05:30,-1,False,1,True,False,False,True,False,-1.0,-1.0,-1.0,-6.374292046293975,0.3206106870228711,7.19477961093319,STOP,STOP,D,False
246,NIFTY26JUNFUT,2026-06-03 12:25:00+05:30,1,False,2,False,False,False,False,True,1.5,2.0,3.0,6.022120702091824,7.38879538350556,0.2188025967780689,TARGET,TARGET,D,False
247,NIFTY26JUNFUT,2026-06-03 12:30:00+05:30,1,True,3,True,True,False,False,False,1.5,2.0,3.0,4.067039106145218,5.086927374301589,0.6256983240223413,TARGET,TARGET,D,True
248,NIFTY26JUNFUT,2026-06-03 13:45:00+05:30,1,False,0,False,False,False,False,True,-1.0,-1.0,-1.0,0.0496982605608805,2.286119985800506,1.242456514022014,STOP,STOP,D,False
249,NIFTY26JUNFUT,2026-06-03 14:20:00+05:30,1,False,3,False,False,False,False,True,-1.0,-1.0,-1.0,-1.588132635253054,0.6108202443280977,1.6956369982548347,STOP,STOP,D,False
250,NIFTY26JUNFUT,2026-06-04 09:15:00+05:30,-1,False,3,False,False,False,False,True,-1.0,-1.0,-1.0,-1.733790737564329,0.8260720411664106,2.473413379073741,STOP,STOP,D,False
251,NIFTY26JUNFUT,2026-06-04 14:00:00+05:30,1,True,2,True,True,False,False,False,1.5,2.0,1.6597337770382596,1.6597337770382596,2.148918469217936,0.4367720465890157,TARGET,TIME,D,True
252,NIFTY26JUNFUT,2026-06-04 14:35:00+05:30,1,False,2,False,False,False,False,True,-1.0,-1.0,-1.0,0.5336237408113269,1.1739722297848916,2.210726926218354,STOP,STOP,D,False
253,NIFTY26JUNFUT,2026-06-05 10:35:00+05:30,-1,False,2,True,False,False,True,False,-1.0,-1.0,-1.0,-1.4902084649400094,1.0811749842072262,3.0224257738471207,STOP,STOP,D,False
254,NIFTY26JUNFUT,2026-06-05 12:40:00+05:30,-1,True,3,True,True,False,False,False,1.5,2.0,3.0,1.413397129186615,3.0813397129186333,0.7937799043062376,TARGET,TARGET,D,True
255,NIFTY26JUNFUT,2026-06-05 13:20:00+05:30,-1,False,2,False,False,False,False,True,1.5,-1.0,-1.0,-2.009028272748878,1.5400332620574395,3.881682109764733,STOP,STOP,D,False
256,NIFTY26JUNFUT,2026-06-05 14:40:00+05:30,1,False,2,False,False,False,False,True,-1.0,-1.0,-1.0,-1.5485327313769752,0.7584650112866818,2.417607223476298,STOP,STOP,D,False
257,NIFTY26JUNFUT,2026-06-08 09:15:00+05:30,-1,False,1,True,False,False,True,False,-1.0,-1.0,-1.0,-1.2987772461456448,0.5247208931419557,1.4290271132376162,STOP,STOP,D,False
258,NIFTY26JUNFUT,2026-06-08 12:40:00+05:30,1,False,2,False,False,False,False,True,1.5,-1.0,-1.0,-5.331029716655023,1.8237733241186709,5.606772633033764,STOP,STOP,D,False
259,NIFTY26JUNFUT,2026-06-08 12:50:00+05:30,1,False,2,False,False,False,False,True,-1.0,-1.0,-1.0,-4.6431273644387545,0.6488020176544924,5.305170239596367,STOP,STOP,D,False
260,NIFTY26JUNFUT,2026-06-08 13:40:00+05:30,-1,False,3,False,False,False,False,True,1.5,2.0,3.0,3.126457399103136,3.5073243647235515,0.5273542600896195,TARGET,TARGET,D,False
261,NIFTY26JUNFUT,2026-06-08 15:00:00+05:30,-1,False,1,False,False,False,False,True,1.0374501992032314,1.0374501992032314,1.0374501992032314,1.0374501992032314,1.1936254980079026,0.8552456839309347,TIME,TIME,D,False
262,NIFTY26JUNFUT,2026-06-09 09:15:00+05:30,1,False,0,False,False,False,False,True,-1.0,-1.0,-1.0,-1.677637130801748,1.0367088607594346,2.735021097046436,STOP,STOP,D,False
263,NIFTY26JUNFUT,2026-06-09 10:45:00+05:30,-1,False,2,False,False,False,False,True,-1.0,-1.0,-1.0,-2.741981265966454,1.3113823445926522,2.861197842747605,STOP,STOP,D,False
264,NIFTY26JUNFUT,2026-06-09 11:20:00+05:30,-1,False,2,False,False,False,False,True,-1.0,-1.0,-1.0,-3.3672486453942043,0.4298615291993025,4.838049367850598,STOP,STOP,D,False
265,NIFTY26JUNFUT,2026-06-09 12:30:00+05:30,1,False,3,False,False,False,False,True,-1.0,-1.0,-1.0,-0.0862334462580841,0.3880505081613788,2.151524484139263,STOP,STOP,D,False
266,NIFTY26JUNFUT,2026-06-09 14:35:00+05:30,1,False,2,False,False,False,False,True,1.5,2.0,2.5029069767442165,2.5029069767442165,2.604651162790728,0.0,TARGET,TIME,D,False
267,NIFTY26JUNFUT,2026-06-10 09:15:00+05:30,1,False,2,False,False,False,False,True,1.5,2.0,2.040115998066642,2.040115998066642,2.121314644755912,0.8119864668922055,TARGET,TIME,D,False
268,NIFTY26JUNFUT,2026-06-10 09:45:00+05:30,1,False,2,False,False,False,False,True,-1.0,-1.0,-1.0,0.6847640009782258,0.8559550012227822,2.67057960381508,STOP,STOP,D,False
269,NIFTY26JUNFUT,2026-06-10 12:40:00+05:30,-1,False,3,False,False,False,False,True,-1.0,-1.0,-1.0,1.73261589403983,2.897350993377501,4.983443708609301,STOP,STOP,D,False
270,NIFTY26JUNFUT,2026-06-10 13:40:00+05:30,-1,True,2,True,True,False,False,False,1.5,2.0,3.0,4.609274916730729,5.394824493979053,0.8608762490392022,TARGET,TARGET,D,True
271,NIFTY26JUNFUT,2026-06-10 14:10:00+05:30,-1,False,2,False,False,False,False,True,1.5,2.0,3.0,3.75561797752809,4.325842696629214,0.7471910112359551,TARGET,TARGET,D,False
272,NIFTY26JUNFUT,2026-06-10 15:10:00+05:30,-1,False,2,False,False,False,False,True,-0.0701670644390915,-0.0701670644390915,-0.0701670644390915,-0.0701670644390915,0.4143198090692574,0.5546539379474406,TIME,TIME,D,False
273,NIFTY26JUNFUT,2026-06-11 09:15:00+05:30,-1,False,1,False,False,False,False,True,-1.0,-1.0,-1.0,-1.6079760717845937,0.6392821535394179,2.568295114656013,STOP,STOP,D,False
274,NIFTY26JUNFUT,2026-06-11 12:30:00+05:30,1,False,2,False,False,False,False,True,-1.0,-1.0,-1.0,-2.9166666666666727,1.1091008771930406,3.6074561403508847,STOP,STOP,D,False
275,NIFTY26JUNFUT,2026-06-12 09:15:00+05:30,1,False,3,True,False,False,True,False,-1.0,-1.0,-1.0,-1.3753094059405988,0.2274133663366344,2.1636757425742963,STOP,STOP,D,False
276,NIFTY26JUNFUT,2026-06-12 12:40:00+05:30,-1,False,2,False,False,False,False,True,-1.0,-1.0,-1.0,-12.22954303931999,0.6199078993978133,12.472546935884004,STOP,STOP,D,False
277,NIFTY26JUNFUT,2026-06-12 13:25:00+05:30,1,True,2,True,True,False,False,False,1.5,2.0,3.0,10.140518011312816,11.64096457278944,0.2792497767192908,TARGET,TARGET,D,True
278,NIFTY26JUNFUT,2026-06-12 14:35:00+05:30,1,False,3,False,False,False,False,True,1.5,2.0,3.0,2.770295202951969,3.1060885608855906,0.6392988929888979,TARGET,TARGET,D,False
279,NIFTY26JUNFUT,2026-06-12 15:00:00+05:30,1,False,3,False,False,False,False,True,-1.0,-1.0,-1.0,0.2958957974931852,0.6537232735315662,1.3418530351437412,STOP,STOP,D,False
280,NIFTY26JUNFUT,2026-06-15 09:15:00+05:30,1,False,1,False,False,False,False,True,1.5,1.4005909666525445,1.4005909666525445,1.4005909666525445,1.5207541860137788,0.4432249894470168,TIME,TIME,D,False
281,NIFTY26JUNFUT,2026-06-15 10:50:00+05:30,1,False,3,False,False,False,False,True,-1.0,-1.0,-1.0,-3.0424284235942896,0.7678509830976766,4.249741290099959,STOP,STOP,D,False
282,NIFTY26JUNFUT,2026-06-15 12:05:00+05:30,-1,False,1,False,False,False,False,True,1.5,-1.0,-1.0,0.613314936184908,1.685408761641965,1.4536046912727387,STOP,STOP,D,False
283,NIFTY26JUNFUT,2026-06-15 14:30:00+05:30,1,True,2,True,True,False,False,False,-1.0,-1.0,-1.0,-1.899838449111448,0.5428109854604136,4.11631663974147,STOP,STOP,D,True
284,NIFTY26JUNFUT,2026-06-16 10:35:00+05:30,1,True,3,True,True,False,False,False,-1.0,-1.0,-1.0,-2.3213598460551745,0.5971776779986789,2.5009621552277195,STOP,STOP,D,True
285,NIFTY26JUNFUT,2026-06-17 14:55:00+05:30,1,True,3,True,True,False,False,False,0.2744082840238141,0.2744082840238141,0.2744082840238141,0.2744082840238141,1.211538461538514,0.0828402366863136,TIME,TIME,D,True
286,NIFTY26JUNFUT,2026-06-18 10:35:00+05:30,-1,True,2,True,True,False,False,False,1.5,2.0,-0.906934306569304,-0.906934306569304,2.3418491484184707,0.9452554744525774,TARGET,TIME,D,True
287,NIFTY26JUNFUT,2026-06-18 10:40:00+05:30,-1,True,2,False,False,True,False,False,1.5,-1.0,-1.0,-1.235537190082694,1.9545454545454075,1.235537190082694,STOP,STOP,D,True
288,NIFTY26JUNFUT,2026-06-18 11:20:00+05:30,-1,False,2,False,False,False,False,True,-1.0,-1.0,-1.0,-4.284180386542569,0.30064423765211,4.860415175375779,STOP,STOP,D,False
289,NIFTY26JUNFUT,2026-06-18 12:25:00+05:30,1,False,3,False,False,False,False,True,-1.0,-1.0,-1.0,-1.5686274509804,0.6274509803921244,1.6078431372548745,STOP,STOP,D,False
290,NIFTY26JUNFUT,2026-06-18 13:30:00+05:30,1,False,1,True,False,False,True,False,-1.0,-1.0,-1.0,2.503687315634178,2.8753687315634133,3.3812684365781167,STOP,STOP,D,False
291,NIFTY26JUNFUT,2026-06-18 14:05:00+05:30,-1,True,2,True,True,False,False,False,-1.0,-1.0,-1.0,-5.564853556485102,1.4058577405857098,5.857740585773791,STOP,STOP,D,True
292,NIFTY26JUNFUT,2026-06-18 14:55:00+05:30,1,False,2,False,False,False,False,True,1.5,2.0,2.67136150234748,2.67136150234748,2.906103286385038,0.8497652582158921,TARGET,TIME,D,False
293,NIFTY26JUNFUT,2026-06-18 15:00:00+05:30,1,True,2,True,True,False,False,False,1.1902667839343353,1.1902667839343353,1.1902667839343353,1.1902667839343353,1.3954851949574965,0.1518616241571691,TIME,TIME,D,True
294,NIFTY26JUNFUT,2026-06-19 09:15:00+05:30,-1,False,0,False,False,False,False,True,1.2132792897124534,1.2132792897124534,1.2132792897124534,1.2132792897124534,1.3483883420189584,0.5377340281798306,TIME,TIME,D,False
295,NIFTY26JUNFUT,2026-06-19 14:00:00+05:30,1,False,2,False,False,False,False,True,-1.0,-1.0,-1.0,2.700560747663475,3.119252336448522,4.008971962616936,STOP,STOP,D,False
296,NIFTY26JUNFUT,2026-06-19 14:50:00+05:30,-1,False,0,False,False,False,False,True,-1.0,-1.0,-1.0,-4.095435684647315,1.2240663900414883,4.4273858921161935,STOP,STOP,D,False
297,NIFTY26JUNFUT,2026-06-19 15:00:00+05:30,1,False,0,False,False,False,False,True,0.6571300849351789,0.6571300849351789,0.6571300849351789,0.6571300849351789,0.9074653553866756,0.2565936522128069,TIME,TIME,D,False
298,NIFTY26JUNFUT,2026-06-22 09:15:00+05:30,1,False,3,False,False,False,False,True,1.056080932482932,1.056080932482932,1.056080932482932,1.056080932482932,1.056080932482932,0.4372113481416536,TIME,TIME,D,False
299,NIFTY26JUNFUT,2026-06-22 12:00:00+05:30,-1,True,1,True,True,False,False,False,-1.0,-1.0,-1.0,0.0789844851903376,1.8561354019745495,1.3328631875881591,STOP,STOP,D,False
300,NIFTY26JUNFUT,2026-06-23 09:15:00+05:30,-1,False,2,False,False,False,False,True,-1.0,-1.0,-1.0,-1.447277739489967,0.2749827705031288,2.8221915920054355,STOP,STOP,D,False
301,NIFTY26JUNFUT,2026-06-23 11:40:00+05:30,-1,True,3,True,True,False,False,False,1.5,2.0,3.0,8.688456764584169,10.246586677699682,0.289615225486139,TARGET,TARGET,D,True
302,NIFTY26JUNFUT,2026-06-23 11:45:00+05:30,-1,True,3,True,True,False,False,False,1.5,2.0,3.0,6.009292351679714,6.409578270192939,0.5153681200859225,TARGET,TARGET,D,True
303,NIFTY26JUNFUT,2026-06-23 13:00:00+05:30,-1,False,3,False,False,False,False,True,1.5,2.0,-0.2745754604161913,-0.2745754604161913,2.102846209040864,0.8304233436976513,TARGET,TIME,D,False
304,NIFTY26JUNFUT,2026-06-23 13:30:00+05:30,-1,False,2,False,False,False,False,True,-1.0,-1.0,-1.0,1.043941411451388,1.4279627163781214,2.535286284953371,STOP,STOP,D,False
305,NIFTY26JUNFUT,2026-06-23 14:40:00+05:30,1,False,1,False,False,False,False,True,-1.0,-1.0,-1.0,-5.479082321187584,0.1133603238866396,5.479082321187584,STOP,STOP,D,False
306,NIFTY26JUNFUT,2026-06-23 15:00:00+05:30,-1,False,1,False,False,False,False,True,1.5,2.0,2.0107108081791663,2.0107108081791663,2.0107108081791663,0.9712755598831564,TARGET,TIME,D,False
307,NIFTY26JUNFUT,2026-06-24 10:20:00+05:30,1,True,3,False,False,True,False,False,1.5,2.0,1.8367740690719427,1.8367740690719427,2.009646922631694,0.159367161875399,TARGET,TIME,D,True
308,NIFTY26JUNFUT,2026-06-24 11:40:00+05:30,1,False,1,False,False,False,False,True,-1.0,-1.0,-1.0,2.3107734806629017,3.1809392265192376,1.7645027624309038,STOP,STOP,D,False
309,NIFTY26JUNFUT,2026-06-25 09:15:00+05:30,1,False,1,False,False,False,False,True,1.5,2.0,2.099578397912062,2.099578397912062,2.276651274844382,0.0983738205179671,TARGET,TIME,D,False
310,NIFTY26JUNFUT,2026-06-25 10:45:00+05:30,1,False,2,False,False,False,False,True,-1.0,-1.0,-1.0,0.8300395256916996,3.923320158102847,1.217391304347826,STOP,STOP,D,False
311,NIFTY26JUNFUT,2026-06-25 11:55:00+05:30,1,False,3,False,False,False,False,True,-1.0,-1.0,-1.0,-2.57708237459734,1.410952600092137,4.993097100782346,STOP,STOP,D,False
312,NIFTY26JUNFUT,2026-06-25 13:10:00+05:30,-1,False,2,False,False,False,False,True,-1.0,-1.0,-1.0,2.87887323943662,4.255211267605692,1.494647887324001,STOP,STOP,D,False
313,NIFTY26JUNFUT,2026-06-25 14:10:00+05:30,-1,True,2,True,True,False,False,False,1.5,2.0,3.0,2.0382479950647787,3.040098704503415,0.1727328809376904,TARGET,TARGET,D,True
314,NIFTY26JUNFUT,2026-06-29 10:20:00+05:30,1,False,0,False,False,False,False,True,-1.0,-1.0,-1.0,-2.5682004930155564,0.6959737058340296,3.0139687756778346,STOP,STOP,D,False
315,NIFTY26JUNFUT,2026-06-29 11:30:00+05:30,-1,False,2,False,False,False,False,True,1.5,2.0,3.0,2.259636906242287,3.5513553842327905,0.6963441929868217,TARGET,TARGET,D,False
316,NIFTY26JUNFUT,2026-06-29 11:50:00+05:30,-1,False,3,False,False,False,False,True,1.5,2.0,1.5579106737321011,1.5579106737321011,2.6212465304062884,0.7277315165278329,TARGET,TIME,D,False
317,NIFTY26JUNFUT,2026-06-29 12:10:00+05:30,-1,False,2,False,False,False,False,True,1.5,2.0,1.7716814159292826,1.7716814159292826,2.7876106194690564,0.227138643067849,TARGET,TIME,D,False
318,NIFTY26JUNFUT,2026-06-29 12:15:00+05:30,-1,False,2,False,False,False,False,True,1.5,2.0,0.9265895953757912,0.9265895953757912,2.1040462427745883,0.5381502890173172,TARGET,TIME,D,False
319,NIFTY26JUNFUT,2026-06-29 12:30:00+05:30,-1,False,3,False,False,False,False,True,-1.0,-1.0,-1.0,-0.7971398305084776,0.6673728813559348,1.445974576271192,STOP,STOP,D,False
320,NIFTY26JUNFUT,2026-06-30 09:20:00+05:30,-1,False,1,False,False,False,False,True,0.9056175524872508,0.9056175524872508,0.9056175524872508,0.9056175524872508,1.4299224512956288,0.4898808397957246,TIME,TIME,D,False
321,NIFTY26JUNFUT,2026-06-30 11:10:00+05:30,1,False,0,False,False,False,False,True,1.5,2.0,-1.0,0.3286063569681624,2.211246943765212,1.2117359413203324,TARGET,STOP,D,False
322,NIFTY26JUNFUT,2026-06-30 14:00:00+05:30,-1,True,1,True,True,False,False,False,-1.0,-1.0,-1.0,1.2493946731234578,2.4939467312348795,4.847457627118774,STOP,STOP,D,False
323,NIFTY26JUNFUT,2026-06-30 15:00:00+05:30,-1,False,2,True,False,False,True,False,-1.0,-1.0,-1.0,-0.569960474308256,0.1411067193676483,1.0513833992094783,STOP,STOP,D,False
324,NIFTY26MAYFUT,2026-05-04 12:05:00+05:30,-1,True,3,True,True,False,False,False,1.5,2.0,3.0,3.8394919168591466,8.406466512702131,0.1172055427252327,TARGET,TARGET,D,True
325,NIFTY26MAYFUT,2026-05-04 12:10:00+05:30,-1,True,3,True,True,False,False,False,-1.0,-1.0,-1.0,0.9356608478802738,4.357107231920174,1.612967581047407,STOP,STOP,D,True
326,NIFTY26MAYFUT,2026-05-04 13:25:00+05:30,-1,False,3,False,False,False,False,True,-1.0,-1.0,-1.0,-2.904196357877981,0.7759303246238933,3.630245447347501,STOP,STOP,D,False
327,NIFTY26MAYFUT,2026-05-05 09:15:00+05:30,-1,False,2,False,False,False,False,True,1.5,2.0,2.761104829591332,2.761104829591332,2.9193991277661038,0.2464868357293194,TARGET,TIME,D,False
328,NIFTY26MAYFUT,2026-05-05 10:25:00+05:30,-1,False,3,False,False,False,False,True,1.5,0.6066076909189329,0.6066076909189329,0.6066076909189329,1.693446470482021,0.5055064090991107,TIME,TIME,D,False
329,NIFTY26MAYFUT,2026-05-05 12:20:00+05:30,1,True,3,True,True,False,False,False,-1.0,-1.0,-1.0,2.2939672801635216,4.222903885480525,1.5674846625766434,STOP,STOP,D,True
330,NIFTY26MAYFUT,2026-05-05 12:55:00+05:30,1,False,2,False,False,False,False,True,1.5,2.0,1.0275879524171134,1.0275879524171134,2.763857251328788,0.173626929891219,TARGET,TIME,D,False
331,NIFTY26MAYFUT,2026-05-05 13:05:00+05:30,1,False,3,False,False,False,False,True,-1.0,-1.0,-1.0,-1.3884038504589071,0.354152675173474,2.2440116409224022,STOP,STOP,D,False
332,NIFTY26MAYFUT,2026-05-05 14:05:00+05:30,-1,True,2,True,True,False,False,False,-1.0,-1.0,-1.0,-1.8003220611916704,0.2576489533011268,1.9935587761675155,STOP,STOP,D,True
333,NIFTY26MAYFUT,2026-05-06 09:15:00+05:30,1,True,3,False,False,True,False,False,-1.0,-1.0,-1.0,-2.4314710190416147,0.6239799121154774,2.6130989746808893,STOP,STOP,D,True
334,NIFTY26MAYFUT,2026-05-06 10:50:00+05:30,-1,False,2,False,False,False,False,True,-1.0,-1.0,-1.0,1.5673429479344572,2.895135663651978,1.12588609142011,STOP,STOP,D,False
335,NIFTY26MAYFUT,2026-05-06 11:00:00+05:30,-1,False,3,False,False,False,False,True,-1.0,-1.0,-1.0,2.2455378678243973,2.4852870236371785,1.82682103232025,STOP,STOP,D,False
336,NIFTY26MAYFUT,2026-05-06 12:20:00+05:30,-1,True,3,True,True,False,False,False,1.5,-1.0,-1.0,-3.5243538767395246,1.6456262425447004,3.6391650099404207,STOP,STOP,D,True
337,NIFTY26MAYFUT,2026-05-06 13:15:00+05:30,1,False,2,True,False,False,True,False,1.5,2.0,3.0,11.517361111111116,11.59375000000003,0.0277777777777524,TARGET,TARGET,D,False
338,NIFTY26MAYFUT,2026-05-06 14:10:00+05:30,1,False,1,False,False,False,False,True,1.5,2.0,3.0,8.954143201930778,9.08554572271383,0.0,TARGET,TARGET,D,False
339,NIFTY26MAYFUT,2026-05-06 14:20:00+05:30,1,False,2,False,False,False,False,True,1.5,2.0,2.6824605153782177,2.6824605153782177,2.784289276807976,0.002909393183665,TARGET,TIME,D,False
340,NIFTY26MAYFUT,2026-05-07 09:15:00+05:30,-1,False,0,False,False,False,False,True,-1.0,-1.0,-1.0,-0.2467362924281821,0.4637728459529865,1.843668407310724,STOP,STOP,D,False
341,NIFTY26MAYFUT,2026-05-07 12:35:00+05:30,1,False,1,False,False,False,False,True,-1.0,-1.0,-1.0,-2.841791044776119,1.225870646766169,3.5104477611940297,STOP,STOP,D,False
342,NIFTY26MAYFUT,2026-05-07 15:05:00+05:30,-1,False,1,False,False,False,False,True,-1.0,-1.0,-1.0,-1.7195087117966188,0.8357612110826008,1.9994287346472317,STOP,STOP,D,False
343,NIFTY26MAYFUT,2026-05-08 09:15:00+05:30,-1,False,0,False,False,False,False,True,-1.0,-1.0,-1.0,0.0269801503179804,1.7537097706687297,1.3166313355174266,STOP,STOP,D,False
344,NIFTY26MAYFUT,2026-05-08 11:20:00+05:30,-1,False,1,True,False,False,True,False,1.5,1.634517766497462,1.634517766497462,1.634517766497462,1.883248730964467,0.8137055837563969,TIME,TIME,D,False
345,NIFTY26MAYFUT,2026-05-08 13:25:00+05:30,1,False,1,False,False,False,False,True,-1.0,-1.0,-1.0,-0.4385542168674052,1.87951807228918,4.337349397590415,STOP,STOP,D,False
346,NIFTY26MAYFUT,2026-05-08 13:55:00+05:30,-1,False,2,False,False,False,False,True,-1.0,-1.0,-1.0,-1.9592773157441596,0.7989675939203321,4.380269572698527,STOP,STOP,D,False
347,NIFTY26MAYFUT,2026-05-08 14:30:00+05:30,1,False,1,False,False,False,False,True,1.5,-0.3791037622813053,-0.3791037622813053,-0.3791037622813053,1.6439012700694828,0.670980110232442,TIME,TIME,D,False
348,NIFTY26MAYFUT,2026-05-08 14:35:00+05:30,1,True,2,True,True,False,False,False,-1.0,-1.0,-1.0,-1.4192439862542654,0.6529209621993104,1.718213058419238,STOP,STOP,D,True
349,NIFTY26MAYFUT,2026-05-11 09:15:00+05:30,-1,True,2,False,False,True,False,False,1.5,0.5509001115182536,0.5509001115182536,0.5509001115182536,1.777600764696515,0.6914130954277473,TIME,TIME,D,True
350,NIFTY26MAYFUT,2026-05-11 09:35:00+05:30,-1,False,3,False,False,False,False,True,-1.0,-1.0,-1.0,-0.9377691964948416,0.6633001633744519,1.3120451507500013,STOP,STOP,D,False
351,NIFTY26MAYFUT,2026-05-11 10:15:00+05:30,-1,False,0,False,False,False,False,True,-1.0,-1.0,-1.0,-1.8259143748228108,0.0198468953785088,2.34193365466404,STOP,STOP,D,False
352,NIFTY26MAYFUT,2026-05-11 11:10:00+05:30,1,True,3,True,True,False,False,False,1.5,0.6963451497663745,0.6963451497663745,0.6963451497663745,1.773564165979637,0.7271228359440083,TIME,TIME,D,True
353,NIFTY26MAYFUT,2026-05-11 12:35:00+05:30,-1,True,2,True,True,False,False,False,-1.0,-1.0,-1.0,-0.4769144144143512,0.9774774774775802,3.66948198198188,STOP,STOP,D,True
354,NIFTY26MAYFUT,2026-05-11 12:40:00+05:30,1,False,0,False,False,False,False,True,-1.0,-1.0,-1.0,-0.5597092419522792,2.1079958463135795,2.177050882658388,STOP,STOP,D,False
355,NIFTY26MAYFUT,2026-05-11 14:45:00+05:30,-1,False,2,False,False,False,False,True,1.5,2.0,1.947104423164621,1.947104423164621,2.010943912448707,0.7022343821249453,TARGET,TIME,D,False
356,NIFTY26MAYFUT,2026-05-11 15:00:00+05:30,-1,False,2,False,False,False,False,True,0.9348376698134946,0.9348376698134946,0.9348376698134946,0.9348376698134946,0.999309233248908,0.1289431268708268,TIME,TIME,D,False
357,NIFTY26MAYFUT,2026-05-12 09:15:00+05:30,-1,False,2,False,False,False,False,True,1.5,2.0,3.0,3.2460881934565347,3.8378378378378337,0.0,TARGET,TARGET,D,False
358,NIFTY26MAYFUT,2026-05-12 09:20:00+05:30,-1,False,3,False,False,False,False,True,1.5,2.0,2.146416251437305,2.146416251437305,2.251054043694913,0.0858566500575117,TARGET,TIME,D,False
359,NIFTY26MAYFUT,2026-05-12 09:25:00+05:30,-1,False,3,False,False,False,False,True,1.03897072534027,1.03897072534027,1.03897072534027,1.03897072534027,1.435763565168741,0.9972030579899448,TIME,TIME,D,False
360,NIFTY26MAYFUT,2026-05-12 11:00:00+05:30,-1,False,2,False,False,False,False,True,-1.0,-1.0,-1.0,1.878048780487859,2.7073170731707616,1.195121951219489,STOP,STOP,D,False
361,NIFTY26MAYFUT,2026-05-12 12:30:00+05:30,-1,False,1,False,False,False,False,True,-1.0,-1.0,-1.0,2.4474739374498484,2.7506014434642183,1.8561881849771595,STOP,STOP,D,False
362,NIFTY26MAYFUT,2026-05-12 14:05:00+05:30,-1,False,3,False,False,False,False,True,-1.0,-1.0,-1.0,1.2168382798304205,4.464566929133769,1.6493034524529444,STOP,STOP,D,False
363,NIFTY26MAYFUT,2026-05-13 10:55:00+05:30,-1,False,2,False,False,False,False,True,-1.0,-1.0,-1.0,-1.8396533044420829,0.1083423618634894,3.1419284940411947,STOP,STOP,D,False
364,NIFTY26MAYFUT,2026-05-13 11:35:00+05:30,1,False,1,False,False,False,False,True,-1.0,-1.0,-1.0,0.4405415294548284,2.80204903036949,1.8441273326015293,STOP,STOP,D,False
365,NIFTY26MAYFUT,2026-05-13 11:40:00+05:30,1,True,2,True,True,False,False,False,-1.0,-1.0,-1.0,0.0233549582946605,2.345875810935979,2.361445783132514,STOP,STOP,D,True
366,NIFTY26MAYFUT,2026-05-13 12:35:00+05:30,-1,False,2,True,False,False,True,False,1.5,-1.0,-1.0,-0.2848101265822752,1.639240506329072,4.1012658227847165,STOP,STOP,D,False
367,NIFTY26MAYFUT,2026-05-13 12:50:00+05:30,1,False,0,False,False,False,False,True,1.5,-1.0,-1.0,-1.7763632505834597,1.6456609378314546,2.5902821981752653,STOP,STOP,D,False
368,NIFTY26MAYFUT,2026-05-13 15:00:00+05:30,-1,False,1,False,False,False,False,True,-0.8219118288957284,-0.8219118288957284,-0.8219118288957284,-0.8219118288957284,0.6966390222610036,0.8769096464426293,TIME,TIME,D,False
369,NIFTY26MAYFUT,2026-05-14 09:15:00+05:30,1,False,1,False,False,False,False,True,1.5,-1.0,-1.0,-3.580262080262138,1.5221130221129873,3.5945945945946525,STOP,STOP,D,False
370,NIFTY26MAYFUT,2026-05-14 09:25:00+05:30,1,True,3,True,True,False,False,False,-1.0,-1.0,-1.0,-4.367323064924955,0.0272957691557809,4.850458178982298,STOP,STOP,D,True
371,NIFTY26MAYFUT,2026-05-14 10:45:00+05:30,-1,False,1,False,False,False,False,True,-1.0,-1.0,-1.0,-7.335329341317153,0.6622754491017976,7.899800399201388,STOP,STOP,D,False
372,NIFTY26MAYFUT,2026-05-14 11:25:00+05:30,1,True,3,True,True,False,False,False,1.5,2.0,3.0,3.6792452830188096,4.2641509433961415,0.0,TARGET,TARGET,D,True
373,NIFTY26MAYFUT,2026-05-14 14:45:00+05:30,-1,True,2,True,True,False,False,False,-1.0,-1.0,-1.0,-1.144414168937307,1.210304681694354,1.144414168937307,STOP,STOP,D,True
374,NIFTY26MAYFUT,2026-05-14 15:05:00+05:30,-1,False,1,False,False,False,False,True,-1.0,-1.0,-1.0,-2.154375614552646,0.0,2.154375614552646,STOP,STOP,D,False
375,NIFTY26MAYFUT,2026-05-15 11:00:00+05:30,-1,False,0,False,False,False,False,True,1.5,2.0,3.0,0.31215161649944,3.873801560758005,0.31215161649944,TARGET,TARGET,D,False
376,NIFTY26MAYFUT,2026-05-15 11:05:00+05:30,-1,False,1,True,False,False,True,False,1.5,2.0,-1.0,-1.5286012526095707,2.384968684759856,1.6513569937369397,TARGET,STOP,D,False
377,NIFTY26MAYFUT,2026-05-15 13:35:00+05:30,-1,False,2,True,False,False,True,False,1.5,2.0,3.0,4.42519219396807,6.482554701360149,0.6664695446480684,TARGET,TARGET,D,False
378,NIFTY26MAYFUT,2026-05-15 13:45:00+05:30,-1,True,3,True,True,False,False,False,1.5,2.0,3.0,1.7184387617765269,4.4581426648721125,0.9948855989233388,TARGET,TARGET,D,True
379,NIFTY26MAYFUT,2026-05-15 14:45:00+05:30,-1,False,3,False,False,False,False,True,-1.0,-1.0,-1.0,-1.4887998113651884,0.9111058712568464,2.215043621787255,STOP,STOP,D,False
380,NIFTY26MAYFUT,2026-05-18 09:15:00+05:30,-1,False,2,False,False,False,False,True,1.5,-0.6805555555555521,-0.6805555555555521,-0.6805555555555521,1.7869444444444638,0.7272222222222469,TIME,TIME,D,False
381,NIFTY26MAYFUT,2026-05-18 10:30:00+05:30,1,True,2,True,True,False,False,False,-1.0,-1.0,-1.0,2.508461079036381,3.762691618554572,1.2737407923551607,STOP,STOP,D,True
382,NIFTY26MAYFUT,2026-05-18 11:20:00+05:30,1,False,2,False,False,False,False,True,-1.0,-1.0,-1.0,3.239109390125779,3.8760890609873337,1.8160696999031565,STOP,STOP,D,False
383,NIFTY26MAYFUT,2026-05-18 12:30:00+05:30,1,True,3,True,True,False,False,False,1.5,2.0,0.7231638418078705,0.7231638418078705,2.3022598870056563,0.6553672316384405,TARGET,TIME,D,True
384,NIFTY26MAYFUT,2026-05-18 12:55:00+05:30,1,False,1,False,False,False,False,True,-1.0,-1.0,-1.0,-1.857711209922798,0.927217411654553,1.9560028083314105,STOP,STOP,D,False
385,NIFTY26MAYFUT,2026-05-18 15:00:00+05:30,1,False,0,False,False,False,False,True,-1.0,-1.0,-1.0,-0.2095024317246531,0.5394687616909436,1.3617658062102451,STOP,STOP,D,False
386,NIFTY26MAYFUT,2026-05-19 09:15:00+05:30,1,False,2,False,False,False,False,True,-1.0,-1.0,-1.0,1.037292590767168,1.313290619352676,1.950386068670991,STOP,STOP,D,False
387,NIFTY26MAYFUT,2026-05-19 13:35:00+05:30,-1,False,0,False,False,False,False,True,-1.0,-1.0,-1.0,3.9017081210668176,5.055439017081199,1.6613724902606484,STOP,STOP,D,False
388,NIFTY26MAYFUT,2026-05-19 14:40:00+05:30,-1,True,3,True,True,False,False,False,1.5,2.0,1.6297039638735995,1.6297039638735995,2.63070747616662,0.4495735072754361,TARGET,TIME,D,True
389,NIFTY26MAYFUT,2026-05-19 14:45:00+05:30,-1,True,3,True,True,False,False,False,1.5,2.0,1.6165413533834525,1.6165413533834525,2.68796992481202,0.6090225563910024,TARGET,TIME,D,True
390,NIFTY26MAYFUT,2026-05-19 15:15:00+05:30,-1,False,3,False,False,False,False,True,-0.3347662547018339,-0.3347662547018339,-0.3347662547018339,-0.3347662547018339,0.4777001612035529,0.6055883933370084,TIME,TIME,D,False
391,NIFTY26MAYFUT,2026-05-20 09:15:00+05:30,-1,False,2,False,False,False,False,True,-1.0,-1.0,-1.0,-2.2676579925650646,0.3717472118959122,3.2218091697645725,STOP,STOP,D,False
392,NIFTY26MAYFUT,2026-05-20 10:30:00+05:30,1,False,1,False,False,False,False,True,-1.0,-1.0,-1.0,0.0568475452196567,2.10077519379842,1.9664082687338016,STOP,STOP,D,False
393,NIFTY26MAYFUT,2026-05-20 11:20:00+05:30,1,False,1,False,False,False,False,True,1.5,0.3845518380834092,0.3845518380834092,0.3845518380834092,1.992152003304324,0.5406856670797312,TIME,TIME,D,False
394,NIFTY26MAYFUT,2026-05-20 11:45:00+05:30,1,False,3,False,False,False,False,True,-1.0,-1.0,-1.0,-2.85714285714281,0.2507936507936928,2.952380952380904,STOP,STOP,D,False
395,NIFTY26MAYFUT,2026-05-20 13:15:00+05:30,-1,False,2,True,False,False,True,False,-1.0,-1.0,-1.0,-4.522072936660232,0.7754318618042491,5.082533589251346,STOP,STOP,D,False
396,NIFTY26MAYFUT,2026-05-20 13:25:00+05:30,-1,True,2,True,True,False,False,False,-1.0,-1.0,-1.0,-4.722323049001753,0.0580762250453191,5.430127041742224,STOP,STOP,D,True
397,NIFTY26MAYFUT,2026-05-20 14:05:00+05:30,1,True,3,False,False,True,False,False,1.2416851441241683,1.2416851441241683,1.2416851441241683,1.2416851441241683,1.3968957871396894,0.4873614190687587,TIME,TIME,D,True
398,NIFTY26MAYFUT,2026-05-20 14:20:00+05:30,1,False,2,False,False,False,False,True,-1.0,-1.0,-1.0,0.4392386530014654,0.5856515373352872,1.1127379209370458,STOP,STOP,D,False
399,NIFTY26MAYFUT,2026-05-21 09:15:00+05:30,1,True,1,True,True,False,False,False,-1.0,-1.0,-1.0,-1.8393280206762896,1.2634072797760527,1.990092612535002,STOP,STOP,D,False
400,NIFTY26MAYFUT,2026-05-21 10:35:00+05:30,-1,True,2,False,False,True,False,False,-1.0,-1.0,-1.0,1.2949852507375,3.342182890855528,1.1799410029498472,STOP,STOP,D,True
401,NIFTY26MAYFUT,2026-05-21 11:15:00+05:30,-1,False,3,False,False,False,False,True,-1.0,-1.0,-1.0,1.9951391957578184,2.768448961555422,2.647812638090951,STOP,STOP,D,False
402,NIFTY26MAYFUT,2026-05-21 12:25:00+05:30,-1,True,3,True,True,False,False,False,1.5,2.0,-1.0,0.1126307320997568,2.0836685438455014,1.2896218825421952,TARGET,STOP,D,True
403,NIFTY26MAYFUT,2026-05-21 13:40:00+05:30,1,True,2,False,False,True,False,False,-1.0,-1.0,-1.0,-1.0077878341402056,0.3477162702588725,1.7503683435066784,STOP,STOP,D,True
404,NIFTY26MAYFUT,2026-05-22 09:15:00+05:30,1,False,2,False,False,False,False,True,1.5,2.0,3.0,2.736423220973778,3.729400749063641,0.0,TARGET,TARGET,D,False
405,NIFTY26MAYFUT,2026-05-22 09:20:00+05:30,1,True,3,True,True,False,False,False,1.5,0.9292035398230012,0.9292035398230012,0.9292035398230012,1.8769911504424173,0.811504424778777,TIME,TIME,D,True
406,NIFTY26MAYFUT,2026-05-22 10:40:00+05:30,1,False,1,True,False,False,True,False,-1.0,-1.0,-1.0,-1.008853910477106,1.0777176586325417,2.141662567634071,STOP,STOP,D,False
407,NIFTY26MAYFUT,2026-05-25 09:15:00+05:30,1,True,3,True,True,False,False,False,0.1888983774551978,0.1888983774551978,0.1888983774551978,0.1888983774551978,0.729291204099047,0.8105892399657738,TIME,TIME,D,True
408,NIFTY26MAYFUT,2026-05-25 12:45:00+05:30,-1,False,2,False,False,False,False,True,-1.0,-1.0,-1.0,-2.965195246179809,0.3505942275043276,3.434634974533032,STOP,STOP,D,False
409,NIFTY26MAYFUT,2026-05-25 14:25:00+05:30,1,False,1,False,False,False,False,True,1.5,2.0,3.0,7.395886889460066,7.683804627249223,0.4018851756641372,TARGET,TARGET,D,False
410,NIFTY26MAYFUT,2026-05-25 14:35:00+05:30,1,True,3,True,True,False,False,False,1.5,2.0,3.0,6.105440742302855,6.388865457612805,0.1180936313791638,TARGET,TARGET,D,True
411,NIFTY26MAYFUT,2026-05-25 14:40:00+05:30,1,True,3,True,True,False,False,False,1.5,2.0,3.0,4.811783960720031,5.086743044189705,0.2176759410801501,TARGET,TARGET,D,True
412,NIFTY26MAYFUT,2026-05-25 15:10:00+05:30,1,False,1,False,False,False,False,True,1.5,2.0,3.0,2.97471451876006,3.2487765089720853,0.964926590538402,TARGET,TARGET,D,False
413,NIFTY26MAYFUT,2026-05-25 15:20:00+05:30,1,False,1,False,False,False,False,True,1.5,2.0,2.3517350157727366,2.3517350157727366,2.616719242902028,0.2429022082019675,TARGET,TIME,D,False
414,NIFTY26MAYFUT,2026-05-26 11:20:00+05:30,-1,False,2,True,False,False,True,False,-1.0,-1.0,-1.0,3.5519871537535743,3.889201124046632,1.731031714170985,STOP,STOP,D,False
415,NIFTY26MAYFUT,2026-05-26 14:50:00+05:30,-1,False,3,False,False,False,False,True,-1.0,-1.0,-1.0,-1.0906051487796435,0.2293547308593136,1.731862253426956,STOP,STOP,D,False
416,NIFTY26SEPFUT,2026-09-01 10:50:00+05:30,1,True,2,False,False,True,False,False,1.5,2.0,3.0,2.0640269587194164,4.959561920808569,0.6486941870261024,TARGET,TARGET,V,True
417,NIFTY26SEPFUT,2026-09-01 11:05:00+05:30,1,False,2,False,False,False,False,True,1.5,2.0,3.0,1.2654067378800065,3.917009038619391,0.0,TARGET,TARGET,V,False
418,NIFTY26SEPFUT,2026-09-01 12:20:00+05:30,-1,True,2,True,True,False,False,False,-1.0,-1.0,-1.0,9.345299145299045,9.441025641025451,1.005128205128146,STOP,STOP,V,True
419,NIFTY26SEPFUT,2026-09-01 13:00:00+05:30,-1,False,3,False,False,False,False,True,1.5,2.0,3.0,7.533362031855264,9.341368919500528,0.3254412397762351,TARGET,TARGET,V,False
420,NIFTY26SEPFUT,2026-09-01 13:10:00+05:30,-1,False,3,False,False,False,False,True,1.5,2.0,3.0,5.336248012718635,6.910969793322715,0.5953895071542483,TARGET,TARGET,V,False
421,NIFTY26SEPFUT,2026-09-01 13:35:00+05:30,-1,False,2,False,False,False,False,True,1.5,2.0,3.0,4.537969624300334,5.433253397281919,0.0503597122302956,TARGET,TARGET,V,False
422,NIFTY26SEPFUT,2026-09-01 13:50:00+05:30,-1,False,3,False,False,False,False,True,-1.0,-1.0,-1.0,0.3411016949153121,2.175141242937764,1.2507062146891783,STOP,STOP,V,False
423,NIFTY26SEPFUT,2026-09-02 09:15:00+05:30,-1,False,1,False,False,False,False,True,-1.0,-1.0,-1.0,-0.6388953896559696,1.146735314767125,1.752866838286891,STOP,STOP,V,False
424,NIFTY26SEPFUT,2026-09-02 10:20:00+05:30,1,True,2,True,True,False,False,False,-1.0,-1.0,-1.0,-1.9815583218073347,0.6164130935914709,2.1622867680959,STOP,STOP,V,True
425,NIFTY26SEPFUT,2026-09-02 12:10:00+05:30,1,False,0,False,False,False,False,True,-1.0,-1.0,-1.0,1.863615133115348,3.021018215787032,1.6870621205043723,STOP,STOP,V,False
426,NIFTY26SEPFUT,2026-09-03 09:15:00+05:30,1,False,0,False,False,False,False,True,1.5,2.0,-0.4805914972273465,-0.4805914972273465,2.107208872458365,0.7726432532347879,TARGET,TIME,V,False
427,NIFTY26SEPFUT,2026-09-03 10:25:00+05:30,-1,False,2,True,False,False,True,False,1.5,2.0,3.0,3.299435028248631,3.960451977401207,0.3728813559321168,TARGET,TARGET,V,False
428,NIFTY26SEPFUT,2026-09-03 10:35:00+05:30,-1,True,2,True,True,False,False,False,1.5,2.0,3.0,3.487522281639997,4.005347593582908,0.6114081996434444,TARGET,TARGET,V,True
429,NIFTY26SEPFUT,2026-09-03 12:15:00+05:30,-1,True,3,True,True,False,False,False,-1.0,-1.0,-1.0,-0.2396348421452977,1.2407759604411697,1.384556865728387,STOP,STOP,V,True
430,NIFTY26SEPFUT,2026-09-03 14:55:00+05:30,-1,True,2,True,True,False,False,False,-1.0,-1.0,-1.0,2.385285575992321,2.636011616650649,1.1519845111326317,STOP,STOP,V,True
431,NIFTY26SEPFUT,2026-09-04 09:15:00+05:30,1,False,0,False,False,False,False,True,-1.0,-1.0,-1.0,2.0181879420680167,2.319973054900691,1.0751094644661237,STOP,STOP,V,False
432,NIFTY26SEPFUT,2026-09-04 12:00:00+05:30,-1,False,1,False,False,False,False,True,1.5,2.0,3.0,2.014725568942319,3.701472556894028,0.0468540829986585,TARGET,TARGET,V,False
433,NIFTY26SEPFUT,2026-09-04 13:10:00+05:30,1,False,1,False,False,False,False,True,-1.0,-1.0,-1.0,-0.8972602739724966,0.8835616438357098,1.698630136986239,STOP,STOP,V,False
434,NIFTY26SEPFUT,2026-09-04 14:25:00+05:30,1,True,3,True,True,False,False,False,-1.0,-1.0,-1.0,-3.075144508670537,0.0147136100893864,4.0756699947450725,STOP,STOP,V,True
435,NIFTY26SEPFUT,2026-09-04 15:20:00+05:30,-1,False,1,False,False,False,False,True,-1.0,-1.0,-1.0,-0.4932432432431837,0.4256756756756175,1.1756756756755034,STOP,STOP,V,False
436,NIFTY26SEPFUT,2026-09-04 15:25:00+05:30,-1,False,1,False,False,False,False,True,-0.8559518295507593,-0.8559518295507593,-0.8559518295507593,-0.8559518295507593,0.0,0.9467345993516868,TIME,TIME,V,False
437,NIFTY26SEPFUT,2026-09-07 09:15:00+05:30,-1,False,1,False,False,False,False,True,1.5,2.0,2.023471278566967,2.023471278566967,2.330450895614619,0.1642989499690838,TARGET,TIME,V,False
438,NIFTY26SEPFUT,2026-09-07 10:15:00+05:30,-1,False,2,False,False,False,False,True,0.1759656652359886,0.1759656652359886,0.1759656652359886,0.1759656652359886,1.0772532188840551,0.8540772532189447,TIME,TIME,V,False
439,NIFTY26SEPFUT,2026-09-07 11:00:00+05:30,-1,False,3,False,False,False,False,True,-1.0,-1.0,-1.0,0.235877106045683,0.7908820614470525,2.0743310208124672,STOP,STOP,V,False
440,NIFTY26SEPFUT,2026-09-07 12:05:00+05:30,1,True,1,False,False,True,False,False,-1.0,-1.0,-1.0,-0.5925030229745627,0.5332527206770449,4.147521160821939,STOP,STOP,V,False
441,NIFTY26SEPFUT,2026-09-07 12:50:00+05:30,-1,False,2,False,False,False,False,True,-1.0,-1.0,-1.0,-2.650334075723745,0.0623608017816784,4.638084632516553,STOP,STOP,V,False
442,NIFTY26SEPFUT,2026-09-07 13:50:00+05:30,1,False,3,False,False,False,False,True,-1.0,-1.0,-1.0,-4.02184598580003,0.8334243582742851,4.350628072091621,STOP,STOP,V,False
443,NIFTY26SEPFUT,2026-09-07 15:15:00+05:30,-1,False,2,False,False,False,False,True,-1.0,-1.0,-1.0,-0.563618290258346,0.208747514910536,1.2524850894632162,STOP,STOP,V,False
444,NIFTY26SEPFUT,2026-09-08 09:15:00+05:30,-1,False,1,False,False,False,False,True,-1.0,-1.0,-1.0,1.0653231410702746,1.362056984016699,1.4933981931897733,STOP,STOP,V,False
445,NIFTY26SEPFUT,2026-09-08 10:10:00+05:30,1,False,1,False,False,False,False,True,-1.0,-1.0,-1.0,-1.9183556951184344,0.3477019697402452,2.5338281473023234,STOP,STOP,V,False
446,NIFTY26SEPFUT,2026-09-08 13:30:00+05:30,-1,False,2,True,False,False,True,False,-1.0,-1.0,-1.0,-0.7324460761818233,1.092244148692053,1.4713171179440947,STOP,STOP,V,False
447,NIFTY26SEPFUT,2026-09-08 15:20:00+05:30,-1,False,1,False,False,False,False,True,-1.0,-1.0,-1.0,-0.2585751978889971,0.3755496921725094,1.2374670184695398,STOP,STOP,V,False
448,NIFTY26SEPFUT,2026-09-09 09:15:00+05:30,-1,False,1,False,False,False,False,True,-1.0,-1.0,-1.0,-0.8646264130135556,1.6018748276812602,1.717673007995568,STOP,STOP,V,False
449,NIFTY26SEPFUT,2026-09-09 10:20:00+05:30,1,False,2,True,False,False,True,False,-1.0,-1.0,-1.0,-2.204968944099347,0.2484472049689405,2.3571428571428683,STOP,STOP,V,False
450,NIFTY26SEPFUT,2026-09-09 15:00:00+05:30,-1,False,2,False,False,False,False,True,-1.0,-1.0,-1.0,1.6764076977903195,2.320028510334918,1.317177476835381,STOP,STOP,V,False
451,NIFTY26SEPFUT,2026-09-10 12:10:00+05:30,1,False,1,False,False,False,False,True,-1.0,-1.0,-1.0,-2.4087078651685454,0.0737359550561799,2.8855337078652115,STOP,STOP,V,False
452,NIFTY26SEPFUT,2026-09-10 12:55:00+05:30,-1,True,2,True,True,False,False,False,-1.0,-1.0,-1.0,2.0226130653266083,2.5619765494137465,1.1725293132328165,STOP,STOP,V,True
453,NIFTY26SEPFUT,2026-09-10 14:00:00+05:30,-1,False,2,False,False,False,False,True,-1.0,-1.0,-1.0,-0.2840095465392968,2.1996817820206718,1.358790771678673,STOP,STOP,V,False
454,NIFTY26SEPFUT,2026-09-10 14:15:00+05:30,-1,False,3,False,False,False,False,True,-1.0,-1.0,-1.0,-0.7609958506223221,1.829875518672199,1.882157676348632,STOP,STOP,V,False
455,NIFTY26SEPFUT,2026-09-10 15:00:00+05:30,-1,False,1,True,False,False,True,False,-1.0,-1.0,-1.0,-1.655474452554611,0.4496350364963072,2.4167883211678136,STOP,STOP,V,False
456,NIFTY26SEPFUT,2026-09-11 09:15:00+05:30,-1,False,0,False,False,False,False,True,-1.0,-1.0,-1.0,-0.9657253718473704,0.5432205216641458,1.87109290795428,STOP,STOP,V,False
457,NIFTY26SEPFUT,2026-09-11 10:10:00+05:30,1,False,3,True,False,False,True,False,1.5,2.0,2.0431014289061555,2.0431014289061555,2.817053174045482,0.691965331459308,TARGET,TIME,V,False
458,NIFTY26SEPFUT,2026-09-11 10:20:00+05:30,1,True,3,True,True,False,False,False,1.5,2.0,1.9750231267344984,1.9750231267344984,2.8168362627196943,0.6475485661424585,TARGET,TIME,V,True
459,NIFTY26SEPFUT,2026-09-11 11:10:00+05:30,1,False,1,True,False,False,True,False,-1.0,-1.0,-1.0,-0.380257009345763,0.89953271028037,1.120327102803793,STOP,STOP,V,False
460,NIFTY26SEPFUT,2026-09-11 12:10:00+05:30,-1,True,2,True,True,False,False,False,-1.0,-1.0,-1.0,-0.9018284106892184,1.0593530239098892,1.6185654008439514,STOP,STOP,V,True
461,NIFTY26SEPFUT,2026-09-11 15:00:00+05:30,-1,False,3,False,False,False,False,True,-1.0,-1.0,-1.0,-1.4107633168587823,0.3613399231192277,1.8451400329489624,STOP,STOP,V,False
462,NIFTY26SEPFUT,2026-09-15 09:15:00+05:30,1,False,1,True,False,False,True,False,-1.0,-1.0,-1.0,-5.59233926128602,0.0536251709986888,6.28180574555416,STOP,STOP,V,False
463,NIFTY26SEPFUT,2026-09-15 09:45:00+05:30,-1,False,3,True,False,False,True,False,1.5,2.0,3.0,3.579877300613554,3.7138650306748295,0.3195092024539656,TARGET,TARGET,V,False
464,NIFTY26SEPFUT,2026-09-15 09:50:00+05:30,-1,True,3,True,True,False,False,False,1.5,2.0,2.5311507451747155,2.5311507451747155,2.924505252870786,0.2496946005374808,TARGET,TIME,V,True
465,NIFTY26SEPFUT,2026-09-15 09:55:00+05:30,-1,True,3,True,True,False,False,False,1.5,2.0,1.42411545623839,1.42411545623839,2.5158286778398837,0.5083798882681108,TARGET,TIME,V,True
466,NIFTY26SEPFUT,2026-09-15 10:40:00+05:30,-1,False,2,False,False,False,False,True,0.3370786516853906,0.3370786516853906,0.3370786516853906,0.3370786516853906,1.0674157303370704,0.3745318352059896,TIME,TIME,V,False
467,NIFTY26SEPFUT,2026-09-15 14:10:00+05:30,-1,False,1,False,False,False,False,True,1.5,2.0,3.0,2.3839009287925697,4.117647058823529,0.0,TARGET,TARGET,V,False
468,NIFTY26SEPFUT,2026-09-15 14:15:00+05:30,-1,False,2,False,False,False,False,True,-1.0,-1.0,-1.0,0.751298326601206,2.366993652625432,1.0663589151760475,STOP,STOP,V,False
469,NIFTY26SEPFUT,2026-09-15 14:45:00+05:30,-1,False,1,False,False,False,False,True,-1.0,-1.0,-1.0,-0.6596292481976933,0.3712667353243732,1.701338825952614,STOP,STOP,V,False
470,NIFTY26SEPFUT,2026-09-16 09:15:00+05:30,1,False,0,False,False,False,False,True,-1.0,-1.0,-1.0,-0.3333333333332904,0.4958677685950371,3.07438016528919,STOP,STOP,V,False
471,NIFTY26SEPFUT,2026-09-16 12:30:00+05:30,1,True,2,True,True,False,False,False,1.5,2.0,-1.0,-0.5465465465464214,2.401651651651644,2.6433933933933047,TARGET,STOP,V,True
472,NIFTY26SEPFUT,2026-09-16 13:05:00+05:30,1,False,1,False,False,False,False,True,-1.0,-1.0,-1.0,-2.7921348314606456,0.4915730337078664,3.8342696629213577,STOP,STOP,V,False
473,NIFTY26SEPFUT,2026-09-17 09:15:00+05:30,1,True,2,True,True,False,False,False,-1.0,-1.0,-1.0,0.0,3.162248144220408,2.172499116295544,STOP,STOP,V,True
474,NIFTY26SEPFUT,2026-09-17 11:00:00+05:30,-1,False,2,False,False,False,False,True,-1.0,-1.0,-1.0,-5.664689353730698,0.9790821105214298,6.600062441460995,STOP,STOP,V,False
475,NIFTY26SEPFUT,2026-09-17 11:55:00+05:30,1,True,3,False,False,True,False,False,1.5,2.0,-1.0,-2.090152167671552,2.6528854435831235,2.8418030433534662,TARGET,STOP,V,True
476,NIFTY26SEPFUT,2026-09-17 12:05:00+05:30,1,False,3,False,False,False,False,True,-1.0,-1.0,-1.0,-2.516649323621189,1.3475546305931396,3.631113423517216,STOP,STOP,V,False
477,NIFTY26SEPFUT,2026-09-17 13:25:00+05:30,-1,False,3,False,False,False,False,True,-1.0,-1.0,-1.0,-0.8287416232316401,1.2352941176470866,2.2933730454206813,STOP,STOP,V,False
478,NIFTY26SEPFUT,2026-09-17 14:35:00+05:30,1,False,1,False,False,False,False,True,-1.0,-1.0,-1.0,0.4919184820801086,0.737877723120163,1.7217146872803804,STOP,STOP,V,False
479,NIFTY26SEPFUT,2026-09-18 11:50:00+05:30,1,False,3,True,False,False,True,False,-1.0,-1.0,-1.0,0.3938618925831129,1.7186700767263106,1.5038363171355218,STOP,STOP,V,False
480,NIFTY26SEPFUT,2026-09-18 13:00:00+05:30,1,False,1,False,False,False,False,True,-1.0,-1.0,-1.0,0.0128205128205593,1.955128205128192,3.2051282051281835,STOP,STOP,V,False
481,NIFTY26SEPFUT,2026-09-18 13:40:00+05:30,-1,True,0,False,False,True,False,False,-1.0,-1.0,-1.0,-2.110621634850879,0.5550660792950466,5.612334801762134,STOP,STOP,V,False
482,NIFTY26SEPFUT,2026-09-21 11:50:00+05:30,1,False,1,False,False,False,False,True,-1.0,-1.0,-1.0,1.093180635085901,1.4211348256116714,1.275377407600218,STOP,STOP,V,False
483,NIFTY26SEPFUT,2026-09-21 13:05:00+05:30,-1,False,2,False,False,False,False,True,-1.0,-1.0,-1.0,-2.7675205413242443,0.3383276945384041,4.398260028999254,STOP,STOP,V,False
484,NIFTY26SEPFUT,2026-09-21 13:55:00+05:30,1,False,2,False,False,False,False,True,-1.0,-1.0,-1.0,-1.1407407407406271,0.4148148148149022,1.9833333333332055,STOP,STOP,V,False
485,NIFTY26SEPFUT,2026-09-22 10:30:00+05:30,-1,True,3,True,True,False,False,False,1.5,2.0,3.0,2.7604860838885683,4.033712269698065,0.548804390435111,TARGET,TARGET,V,True
486,NIFTY26SEPFUT,2026-09-22 11:45:00+05:30,-1,True,3,True,True,False,False,False,1.5,1.1150033046926149,1.1150033046926149,1.1150033046926149,1.684071381361629,0.6708526107072155,TIME,TIME,V,True
487,NIFTY26SEPFUT,2026-09-22 13:00:00+05:30,-1,False,3,False,False,False,False,True,-1.0,-1.0,-1.0,-2.0661290322579218,3.070967741935476,4.6911290322578445,STOP,STOP,V,False
488,NIFTY26SEPFUT,2026-09-22 13:50:00+05:30,-1,False,3,True,False,False,True,False,-1.0,-1.0,-1.0,-4.194756554307002,1.1440245148110004,5.41028260129369,STOP,STOP,V,False
489,NIFTY26SEPFUT,2026-09-23 09:15:00+05:30,1,True,3,False,False,True,False,False,-1.0,-1.0,-1.0,0.3209046454767683,1.0654034229829332,2.310513447432732,STOP,STOP,V,True
490,NIFTY26SEPFUT,2026-09-23 12:00:00+05:30,1,False,2,False,False,False,False,True,-1.0,-1.0,-1.0,-1.0365182591294877,1.1275637818908149,2.5212606303150933,STOP,STOP,V,False
491,NIFTY26SEPFUT,2026-09-23 13:30:00+05:30,-1,True,1,True,True,False,False,False,-1.0,-1.0,-1.0,-0.3895381190873583,0.7712854757930829,3.4279354479687534,STOP,STOP,V,False
492,NIFTY26SEPFUT,2026-09-23 14:25:00+05:30,1,True,2,False,False,True,False,False,-1.0,-1.0,-1.0,-1.815841584158401,0.1940594059405366,3.5415841584158656,STOP,STOP,V,True
493,NIFTY26SEPFUT,2026-09-24 09:15:00+05:30,-1,False,0,False,False,False,False,True,-0.5101360020528863,-0.5101360020528863,-0.5101360020528863,-0.5101360020528863,1.3184500898127,0.9771619194252232,TIME,TIME,V,False
494,NIFTY26SEPFUT,2026-09-24 11:55:00+05:30,-1,False,3,False,False,False,False,True,1.5,2.0,3.0,2.960624575695839,3.1459606245757463,0.798370672097729,TARGET,TARGET,V,False
495,NIFTY26SEPFUT,2026-09-24 12:30:00+05:30,-1,False,1,False,False,False,False,True,-1.0,-1.0,-1.0,5.469005847953135,7.701364522417184,1.195321637426997,STOP,STOP,V,False
496,NIFTY26SEPFUT,2026-09-24 13:25:00+05:30,-1,False,2,False,False,False,False,True,1.5,2.0,3.0,2.3581560283687946,5.649645390070886,0.7049645390071283,TARGET,TARGET,V,False
497,NIFTY26SEPFUT,2026-09-25 12:00:00+05:30,-1,True,1,True,True,False,False,False,-1.0,-1.0,-1.0,1.4206315789473043,3.00631578947373,1.1789473684210705,STOP,STOP,V,False
498,NIFTY26SEPFUT,2026-09-25 12:40:00+05:30,-1,False,1,False,False,False,False,True,1.5,2.0,-1.0,-5.961337513061606,2.70637408568441,10.745036572622803,TARGET,STOP,V,False
499,NIFTY26SEPFUT,2026-09-25 13:55:00+05:30,1,True,3,True,True,False,False,False,1.5,2.0,3.0,5.403508771929923,9.045614035087986,0.1052631578947387,TARGET,TARGET,V,True
500,NIFTY26SEPFUT,2026-09-25 14:00:00+05:30,1,True,3,True,True,False,False,False,-1.0,-1.0,-1.0,-1.528557904701745,0.5787314610288161,2.544651309561329,STOP,STOP,V,True
501,NIFTY26SEPFUT,2026-09-28 09:15:00+05:30,-1,False,1,True,False,False,True,False,1.5,2.0,3.0,2.9350588235293387,3.860705882352813,0.2272941176471048,TARGET,TARGET,V,False
502,NIFTY26SEPFUT,2026-09-28 10:15:00+05:30,-1,False,2,False,False,False,False,True,0.5567047075606102,0.5567047075606102,0.5567047075606102,0.5567047075606102,0.9810984308131072,0.289586305278138,TIME,TIME,V,False
503,NIFTY26SEPFUT,2026-09-28 12:25:00+05:30,1,True,3,True,True,False,False,False,-1.0,-1.0,-1.0,-1.4071456615625386,0.1923831959167642,2.47899489595594,STOP,STOP,V,True
504,NIFTY26SEPFUT,2026-09-28 14:15:00+05:30,-1,True,3,True,True,False,False,False,1.5,0.5267796610168606,0.5267796610168606,0.5267796610168606,1.5708474576269915,0.7261016949151928,TIME,TIME,V,True
505,NIFTY26SEPFUT,2026-09-29 09:15:00+05:30,-1,True,2,True,True,False,False,False,1.5,2.0,3.0,2.62882096069869,4.707423580786027,0.3056768558951965,TARGET,TARGET,V,True
506,NIFTY26SEPFUT,2026-09-29 09:20:00+05:30,-1,True,3,True,True,False,False,False,1.5,2.0,3.0,3.218155197657394,4.448023426061494,0.0204978038067349,TARGET,TARGET,V,True
507,NIFTY26SEPFUT,2026-09-29 09:25:00+05:30,-1,True,3,True,True,False,False,False,1.5,2.0,0.3710575139146574,0.3710575139146574,2.448979591836739,0.3710575139146574,TARGET,TIME,V,True
508,NIFTY26SEPFUT,2026-09-29 11:10:00+05:30,1,False,2,False,False,False,False,True,1.5,2.0,-1.0,-0.2576235541535191,2.340694006309197,2.5136698212407387,TARGET,STOP,V,False
509,NIFTY26SEPFUT,2026-09-29 12:25:00+05:30,-1,False,2,False,False,False,False,True,1.5,2.0,-1.0,0.3974246414984109,2.396839332747968,1.2906057945565983,TARGET,STOP,V,False
510,NIFTY26SEPFUT,2026-09-29 12:30:00+05:30,-1,True,3,True,True,False,False,False,-1.0,-1.0,-1.0,-0.8055929013174574,0.7604194675988264,2.3000806668458176,STOP,STOP,V,True
511,NIFTY26SEPFUT,2026-09-29 13:35:00+05:30,-1,True,3,True,True,False,False,False,-1.0,-1.0,-1.0,-1.5045731707318024,0.1387195121950435,2.4613821138211502,STOP,STOP,V,True
512,NIFTY26SEPFUT,2026-09-29 15:20:00+05:30,-1,False,0,False,False,False,False,True,-1.0,-1.0,-1.0,-2.4155653450807724,0.0,2.4429760156632243,STOP,STOP,V,False