timestamp,open,high,low,close,volume,open_interest,tradingsymbol
2026-09-30T09:15:00+0530,22839.9,22860,22803,22840,218400,17200950,NIFTY26OCTFUT
2026-09-30T09:20:00+0530,22840,22865,22824.5,22862.7,151320,17274855,NIFTY26OCTFUT
2026-09-30T09:25:00+0530,22862.7,22869.9,22846.1,22851,83785,17312490,NIFTY26OCTFUT
2026-09-30T09:30:00+0530,22851,22859.6,22820,22835,69225,17353440,NIFTY26OCTFUT
2026-09-30T09:35:00+0530,22835,22850,22825,22825,41600,17366960,NIFTY26OCTFUT
2026-09-30T09:40:00+0530,22825,22855,22821,22849.5,38610,17378985,NIFTY26OCTFUT
2026-09-30T09:45:00+0530,22849.5,22860,22825,22828,59930,17411940,NIFTY26OCTFUT
2026-09-30T09:50:00+0530,22828,22853,22815,22853,50440,17444245,NIFTY26OCTFUT
2026-09-30T09:55:00+0530,22853,22865.5,22843,22852.3,52000,17455100,NIFTY26OCTFUT
2026-09-30T10:00:00+0530,22852.3,22861.3,22844.2,22857.3,36270,17473820,NIFTY26OCTFUT
2026-09-30T10:05:00+0530,22857.3,22869,22852.2,22860.1,35880,17483830,NIFTY26OCTFUT
2026-09-30T10:10:00+0530,22860.1,22880,22860,22880,31135,17440020,NIFTY26OCTFUT
2026-09-30T10:15:00+0530,22880,22885,22875,22881.1,36270,17444245,NIFTY26OCTFUT
2026-09-30T10:20:00+0530,22881.1,22897,22876.1,22883.6,38415,17445870,NIFTY26OCTFUT
2026-09-30T10:25:00+0530,22883.6,22892.6,22875.6,22880,35685,17441905,NIFTY26OCTFUT
2026-09-30T10:30:00+0530,22880,22880,22821.3,22828,54080,17449965,NIFTY26OCTFUT
2026-09-30T10:35:00+0530,22828,22840,22818.2,22839,38415,17465500,NIFTY26OCTFUT
2026-09-30T10:40:00+0530,22839,22844.6,22812,22817.3,56940,17481945,NIFTY26OCTFUT
2026-09-30T10:45:00+0530,22812.5,22825,22809,22820.6,41730,17489225,NIFTY26OCTFUT
2026-09-30T10:50:00+0530,22820.6,22835,22820,22827,20085,17499885,NIFTY26OCTFUT
2026-09-30T10:55:00+0530,22827,22827.8,22800,22801,52585,17517110,NIFTY26OCTFUT
2026-09-30T11:00:00+0530,22801,22842,22800,22835.1,25675,17528290,NIFTY26OCTFUT
2026-09-30T11:05:00+0530,22835.1,22836.6,22816.6,22826.5,14300,17533815,NIFTY26OCTFUT
2026-09-30T11:10:00+0530,22826.5,22827.6,22800,22800,25285,17543110,NIFTY26OCTFUT
2026-09-30T11:15:00+0530,22800,22802.5,22776.6,22793,58825,17557345,NIFTY26OCTFUT
2026-09-30T11:20:00+0530,22793,22808.3,22783.1,22789.6,20670,17565275,NIFTY26OCTFUT
2026-09-30T11:25:00+0530,22789.6,22830,22788.1,22819.5,22620,17569890,NIFTY26OCTFUT
2026-09-30T11:30:00+0530,22819.5,22828,22808.3,22813.9,18330,17578080,NIFTY26OCTFUT
2026-09-30T11:35:00+0530,22813.9,22837,22810.1,22820,19175,17581005,NIFTY26OCTFUT
2026-09-30T11:40:00+0530,22820,22826,22811.3,22825.1,9685,17588155,NIFTY26OCTFUT
2026-09-30T11:45:00+0530,22825.1,22835,22818.2,22833,15275,17596345,NIFTY26OCTFUT
2026-09-30T11:50:00+0530,22833,22835,22825,22828.9,10855,17600765,NIFTY26OCTFUT
2026-09-30T11:55:00+0530,22828.9,22848.4,22825,22843.9,29250,17609930,NIFTY26OCTFUT
2026-09-30T12:00:00+0530,22843.9,22855,22843.6,22850.2,36660,17611620,NIFTY26OCTFUT
2026-09-30T12:05:00+0530,22851.2,22851.2,22838.8,22848,21515,17614220,NIFTY26OCTFUT
2026-09-30T12:10:00+0530,22848,22850,22817.6,22828.6,35425,17618185,NIFTY26OCTFUT
2026-09-30T12:15:00+0530,22828.6,22828.6,22813,22821.4,31070,17623190,NIFTY26OCTFUT
2026-09-30T12:20:00+0530,22822.2,22874,22822.2,22864,31525,17621370,NIFTY26OCTFUT
2026-09-30T12:25:00+0530,22864,22865,22855.1,22860,29640,17622605,NIFTY26OCTFUT
2026-09-30T12:30:00+0530,22860,22879,22852.4,22879,28275,17608760,NIFTY26OCTFUT
2026-09-30T12:35:00+0530,22879,22899.7,22878,22886.2,54470,17600505,NIFTY26OCTFUT
2026-09-30T12:40:00+0530,22886.2,22893.1,22873.8,22880.3,42120,17592770,NIFTY26OCTFUT
2026-09-30T12:45:00+0530,22880.3,22935,22880.2,22915,95940,17570085,NIFTY26OCTFUT
2026-09-30T12:50:00+0530,22915,22920,22901.5,22914,218985,17762745,NIFTY26OCTFUT
2026-09-30T12:55:00+0530,22905.2,22923.4,22899.6,22913.9,31135,17757220,NIFTY26OCTFUT
2026-09-30T13:00:00+0530,22913.9,22918,22900,22901,12090,17566380,NIFTY26OCTFUT
2026-09-30T13:05:00+0530,22901,22912.9,22900,22911.9,12285,17564495,NIFTY26OCTFUT
2026-09-30T13:10:00+0530,22911.9,22912,22885.4,22885.6,11960,17563975,NIFTY26OCTFUT
2026-09-30T13:15:00+0530,22885.6,22899.9,22885.6,22890,7085,17563975,NIFTY26OCTFUT
2026-09-30T13:20:00+0530,22890,22900,22883.6,22900,17095,17559035,NIFTY26OCTFUT
2026-09-30T13:25:00+0530,22900,22900,22883,22883.9,9945,17558970,NIFTY26OCTFUT
2026-09-30T13:30:00+0530,22883.9,22900,22880,22894,11245,17561440,NIFTY26OCTFUT
2026-09-30T13:35:00+0530,22894,22894,22865.6,22865.6,16185,17564170,NIFTY26OCTFUT
2026-09-30T13:40:00+0530,22865.6,22866.6,22834.2,22834.2,36465,17580095,NIFTY26OCTFUT
2026-09-30T13:45:00+0530,22834.2,22840,22820.1,22834.5,58500,17612075,NIFTY26OCTFUT
2026-09-30T13:50:00+0530,22834.5,22849.9,22825.2,22841.1,21710,17626375,NIFTY26OCTFUT
2026-09-30T13:55:00+0530,22841.1,22860,22833.8,22846.9,21515,17634435,NIFTY26OCTFUT
2026-09-30T14:00:00+0530,22846.9,22854.7,22831.5,22848,12285,17638205,NIFTY26OCTFUT
2026-09-30T14:05:00+0530,22848,22855,22835,22835,8775,17643015,NIFTY26OCTFUT
2026-09-30T14:10:00+0530,22835,22839,22817.5,22817.5,31525,17653090,NIFTY26OCTFUT
2026-09-30T14:15:00+0530,22817.5,22822.9,22810,22815,26390,17664530,NIFTY26OCTFUT
2026-09-30T14:20:00+0530,22815,22820,22770,22772.4,88595,17677205,NIFTY26OCTFUT
2026-09-30T14:25:00+0530,22772.4,22779.8,22740,22746.6,96785,17715165,NIFTY26OCTFUT
2026-09-30T14:30:00+0530,22745,22758.4,22726.2,22739.1,71695,17744155,NIFTY26OCTFUT
2026-09-30T14:35:00+0530,22739.1,22746,22705,22710,90025,17770935,NIFTY26OCTFUT
2026-09-30T14:40:00+0530,22710,22719.5,22694,22705.2,99840,17815720,NIFTY26OCTFUT
2026-09-30T14:45:00+0530,22705.2,22745.4,22705.2,22744,74815,17838535,NIFTY26OCTFUT
2026-09-30T14:50:00+0530,22744,22745,22720.2,22727.8,126035,17912115,NIFTY26OCTFUT
2026-09-30T14:55:00+0530,22727.6,22735.4,22711.7,22715.2,66885,17931095,NIFTY26OCTFUT
2026-09-30T15:00:00+0530,22714.1,22746,22706.4,22724.9,93405,17961645,NIFTY26OCTFUT
2026-09-30T15:05:00+0530,22724.9,22724.9,22708.9,22710.9,153595,18061550,NIFTY26OCTFUT
2026-09-30T15:10:00+0530,22708.6,22719,22695.7,22700,83525,18106075,NIFTY26OCTFUT
2026-09-30T15:15:00+0530,22700,22717.8,22698.7,22701.3,72410,18111145,NIFTY26OCTFUT
2026-09-30T15:20:00+0530,22701.3,22711.9,22691,22711.4,80730,18148195,NIFTY26OCTFUT
2026-09-30T15:25:00+0530,22711,22718,22708.5,22712.5,62075,18166850,NIFTY26OCTFUT
2026-09-30T15:30:00+0530,22712.3,22717,22705.2,22715,40820,18175560,NIFTY26OCTFUT
2026-09-30T15:35:00+0530,22715,22717.5,22697.4,22700,33020,18179330,NIFTY26OCTFUT
2026-10-01T09:15:00+0530,22630,22680,22615,22660,187980,17996810,NIFTY26OCTFUT
2026-10-01T09:20:00+0530,22660,22660.7,22605.6,22615.9,127985,18012215,NIFTY26OCTFUT
2026-10-01T09:25:00+0530,22615.9,22646.9,22610.5,22644,61425,18021185,NIFTY26OCTFUT
2026-10-01T09:30:00+0530,22644,22677.9,22638.1,22639,90415,18026645,NIFTY26OCTFUT
2026-10-01T09:35:00+0530,22639,22660.4,22633.1,22660.4,42445,18041075,NIFTY26OCTFUT
2026-10-01T09:40:00+0530,22660.4,22663.4,22647,22654.4,21710,18051280,NIFTY26OCTFUT
2026-10-01T09:45:00+0530,22654.4,22669.4,22635,22661.2,26130,18059470,NIFTY26OCTFUT
2026-10-01T09:50:00+0530,22661.2,22668.2,22640,22640,27365,18064280,NIFTY26OCTFUT
2026-10-01T09:55:00+0530,22640,22669,22625,22668,42900,18076500,NIFTY26OCTFUT
2026-10-01T10:00:00+0530,22668,22702.4,22663,22693.9,67795,18079230,NIFTY26OCTFUT
2026-10-01T10:05:00+0530,22693.9,22700,22671,22673,34385,18085210,NIFTY26OCTFUT
2026-10-01T10:10:00+0530,22673,22684.8,22649.8,22656.8,36725,18106335,NIFTY26OCTFUT
2026-10-01T10:15:00+0530,22656.8,22678.8,22654.3,22655.3,16575,18116020,NIFTY26OCTFUT
2026-10-01T10:20:00+0530,22655.3,22665,22645.2,22646.2,15470,18122650,NIFTY26OCTFUT
2026-10-01T10:25:00+0530,22646.8,22664,22636,22659,28925,18136430,NIFTY26OCTFUT
2026-10-01T10:30:00+0530,22659,22697,22650.4,22677,29380,18145465,NIFTY26OCTFUT
2026-10-01T10:35:00+0530,22677,22698.5,22674.8,22676.1,18850,18152940,NIFTY26OCTFUT
2026-10-01T10:40:00+0530,22676.1,22684.1,22655.6,22656.7,8125,18134285,NIFTY26OCTFUT
2026-10-01T10:45:00+0530,22656.7,22670.2,22648,22651,22490,18146895,NIFTY26OCTFUT
2026-10-01T10:50:00+0530,22651,22680,22648,22650,66885,18155085,NIFTY26OCTFUT
2026-10-01T10:55:00+0530,22650,22668,22647,22653.6,31330,18157620,NIFTY26OCTFUT
2026-10-01T11:00:00+0530,22653.6,22665,22640,22643,17290,18162755,NIFTY26OCTFUT
2026-10-01T11:05:00+0530,22643,22655.8,22632.6,22633,43550,18174520,NIFTY26OCTFUT
2026-10-01T11:10:00+0530,22633,22654.3,22630.1,22648,11310,18180305,NIFTY26OCTFUT
2026-10-01T11:15:00+0530,22648,22662,22641.1,22647.7,13195,18182190,NIFTY26OCTFUT
2026-10-01T11:20:00+0530,22647.7,22659.5,22625,22627.1,21515,18193695,NIFTY26OCTFUT
2026-10-01T11:25:00+0530,22627.1,22644.5,22623,22640,13780,18201755,NIFTY26OCTFUT
2026-10-01T11:30:00+0530,22640,22645.9,22628,22639.4,11050,18207020,NIFTY26OCTFUT
2026-10-01T11:35:00+0530,22639.4,22660.5,22638.4,22660.5,13000,18211700,NIFTY26OCTFUT
2026-10-01T11:40:00+0530,22660.5,22672,22652,22668.7,12870,18215925,NIFTY26OCTFUT
2026-10-01T11:45:00+0530,22668.7,22673.7,22648,22650.1,19630,18224570,NIFTY26OCTFUT
2026-10-01T11:50:00+0530,22650.1,22650.6,22635,22645.4,8125,18230745,NIFTY26OCTFUT
2026-10-01T11:55:00+0530,22645.4,22668.4,22638,22663,13260,18233215,NIFTY26OCTFUT
2026-10-01T12:00:00+0530,22663,22674.1,22638,22640,14040,18222945,NIFTY26OCTFUT
2026-10-01T12:05:00+0530,22640,22643.8,22608.1,22618,70395,18244070,NIFTY26OCTFUT
2026-10-01T12:10:00+0530,22618,22621,22574,22602.1,111865,18265910,NIFTY26OCTFUT
2026-10-01T12:15:00+0530,22602.1,22615.9,22575.9,22589.9,43810,18290155,NIFTY26OCTFUT
2026-10-01T12:20:00+0530,22589.9,22600,22555,22570,106470,18324540,NIFTY26OCTFUT
2026-10-01T12:25:00+0530,22570,22575.4,22550,22554,61685,18329285,NIFTY26OCTFUT
2026-10-01T12:30:00+0530,22554,22573.9,22540.3,22560.1,65780,18359315,NIFTY26OCTFUT
2026-10-01T12:35:00+0530,22560.1,22569.4,22555,22564,29055,18370105,NIFTY26OCTFUT
2026-10-01T12:40:00+0530,22564,22570,22510.8,22515,60580,18385315,NIFTY26OCTFUT
2026-10-01T12:45:00+0530,22515,22515,22450,22455,329030,18520060,NIFTY26OCTFUT
2026-10-01T12:50:00+0530,22453.9,22464.3,22421.9,22428,180375,18620225,NIFTY26OCTFUT
2026-10-01T12:55:00+0530,22428,22435.5,22375.1,22410,186225,18661630,NIFTY26OCTFUT
2026-10-01T13:00:00+0530,22408.9,22478,22400.8,22475,182065,18714800,NIFTY26OCTFUT
2026-10-01T13:05:00+0530,22475,22490,22454,22480.1,97565,18726760,NIFTY26OCTFUT
2026-10-01T13:10:00+0530,22480.1,22482,22458.1,22462.8,129675,18777590,NIFTY26OCTFUT
2026-10-01T13:15:00+0530,22462.8,22470,22421,22427.7,80470,18794880,NIFTY26OCTFUT
2026-10-01T13:20:00+0530,22427.7,22449.5,22417.5,22421,62075,18809440,NIFTY26OCTFUT
2026-10-01T13:25:00+0530,22421,22445,22415,22415,85735,18871645,NIFTY26OCTFUT
2026-10-01T13:30:00+0530,22415,22465.4,22406.7,22455,115765,18920915,NIFTY26OCTFUT
2026-10-01T13:35:00+0530,22455,22465.1,22422.4,22427.9,76180,18986305,NIFTY26OCTFUT
2026-10-01T13:40:00+0530,22427.9,22434.4,22368.4,22398.9,264745,19097195,NIFTY26OCTFUT
2026-10-01T13:45:00+0530,22398.9,22407.4,22379,22382.9,88335,19137885,NIFTY26OCTFUT
2026-10-01T13:50:00+0530,22382.9,22389.4,22370,22380,134030,19099275,NIFTY26OCTFUT
2026-10-01T13:55:00+0530,22380,22385,22340,22345,99385,19178575,NIFTY26OCTFUT
2026-10-01T14:00:00+0530,22345,22350,22321,22323.7,117130,19154265,NIFTY26OCTFUT
2026-10-01T14:05:00+0530,22323.7,22385.1,22321,22380,95615,19193655,NIFTY26OCTFUT
2026-10-01T14:10:00+0530,22380,22412.1,22370,22405.4,88205,19239545,NIFTY26OCTFUT
2026-10-01T14:15:00+0530,22405.4,22408,22374.6,22380.4,74100,19277310,NIFTY26OCTFUT
2026-10-01T14:20:00+0530,22380.4,22390,22370,22372.5,42380,19299085,NIFTY26OCTFUT
2026-10-01T14:25:00+0530,22372.5,22421.1,22372.5,22412.2,109265,19359015,NIFTY26OCTFUT
2026-10-01T14:30:00+0530,22412.2,22479.5,22411.3,22470.5,223275,19470230,NIFTY26OCTFUT
2026-10-01T14:35:00+0530,22470.5,22491.8,22449.4,22460.7,126685,19515145,NIFTY26OCTFUT
2026-10-01T14:40:00+0530,22460.7,22468.3,22442.7,22451.8,59735,19533670,NIFTY26OCTFUT
2026-10-01T14:45:00+0530,22451.8,22464.8,22439.8,22453.3,71630,19562205,NIFTY26OCTFUT
2026-10-01T14:50:00+0530,22452.7,22505,22451.1,22500,96265,19578520,NIFTY26OCTFUT
2026-10-01T14:55:00+0530,22500,22514,22486.7,22486.7,81835,19610825,NIFTY26OCTFUT
2026-10-01T15:00:00+0530,22487.4,22504.1,22470.1,22503.4,59475,19548685,NIFTY26OCTFUT
2026-10-01T15:05:00+0530,22503.4,22530.9,22491.6,22500.1,170300,19591910,NIFTY26OCTFUT
2026-10-01T15:10:00+0530,22500.1,22527.9,22500.1,22524.8,94770,19632990,NIFTY26OCTFUT
2026-10-01T15:15:00+0530,22524.8,22549.5,22520.6,22545,66755,19622785,NIFTY26OCTFUT
2026-10-01T15:20:00+0530,22545,22564,22535.1,22542.3,116805,19608095,NIFTY26OCTFUT
2026-10-01T15:25:00+0530,22542.3,22550,22526.3,22532.2,54730,19613685,NIFTY26OCTFUT
2026-10-01T15:30:00+0530,22532.2,22540,22510,22512.8,60710,19621290,NIFTY26OCTFUT
2026-10-01T15:35:00+0530,22512.8,22520,22503.2,22520,111995,19680440,NIFTY26OCTFUT
2026-10-05T09:15:00+0530,22630,22678,22611.1,22673.9,436670,19193265,NIFTY26OCTFUT
2026-10-05T09:20:00+0530,22673.9,22677,22621,22660,196365,19251635,NIFTY26OCTFUT
2026-10-05T09:25:00+0530,22660,22691.8,22648,22685.9,156845,19245655,NIFTY26OCTFUT
2026-10-05T09:30:00+0530,22685.9,22709,22681.9,22700.5,127790,19220955,NIFTY26OCTFUT
2026-10-05T09:35:00+0530,22700.5,22704,22676,22700.2,108680,19221345,NIFTY26OCTFUT
2026-10-05T09:40:00+0530,22700.2,22705,22686,22695,54210,19222125,NIFTY26OCTFUT
2026-10-05T09:45:00+0530,22695,22728,22689.2,22718,100555,19214130,NIFTY26OCTFUT
2026-10-05T09:50:00+0530,22717,22729,22705,22712.6,57655,19214650,NIFTY26OCTFUT
2026-10-05T09:55:00+0530,22712.6,22729,22679.6,22681.5,68965,19198660,NIFTY26OCTFUT
2026-10-05T10:00:00+0530,22681.5,22687,22656.5,22656.5,106275,19218680,NIFTY26OCTFUT
2026-10-05T10:05:00+0530,22656.5,22675,22641,22675,51415,19216795,NIFTY26OCTFUT
2026-10-05T10:10:00+0530,22675,22678.9,22655.1,22656,22425,19210685,NIFTY26OCTFUT
2026-10-05T10:15:00+0530,22656,22673.4,22646,22669.9,38350,19223230,NIFTY26OCTFUT
2026-10-05T10:20:00+0530,22669.9,22669.9,22624,22625,72540,19231875,NIFTY26OCTFUT
2026-10-05T10:25:00+0530,22625,22637.9,22590,22636.7,114010,19255210,NIFTY26OCTFUT
2026-10-05T10:30:00+0530,22636.7,22659.4,22630,22653.7,33280,19246955,NIFTY26OCTFUT
2026-10-05T10:35:00+0530,22653.7,22653.7,22592,22592,39585,19240195,NIFTY26OCTFUT
2026-10-05T10:40:00+0530,22592,22616.9,22590.1,22605,29445,19241950,NIFTY26OCTFUT
2026-10-05T10:45:00+0530,22605,22606.9,22590,22605.2,20215,19243640,NIFTY26OCTFUT
2026-10-05T10:50:00+0530,22605.2,22605.5,22590.2,22590.2,50700,19269770,NIFTY26OCTFUT
2026-10-05T10:55:00+0530,22590.2,22625.5,22574,22618.1,64935,19265025,NIFTY26OCTFUT
2026-10-05T11:00:00+0530,22618.1,22619.7,22605,22612,17095,19265935,NIFTY26OCTFUT
2026-10-05T11:05:00+0530,22612,22612,22602.1,22610.9,29380,19278350,NIFTY26OCTFUT
2026-10-05T11:10:00+0530,22610.9,22619.9,22601.1,22610.3,14040,19283485,NIFTY26OCTFUT
2026-10-05T11:15:00+0530,22610.3,22610.3,22585,22593,17745,19288100,NIFTY26OCTFUT
2026-10-05T11:20:00+0530,22593,22606.8,22565.2,22582.9,30680,19284590,NIFTY26OCTFUT
2026-10-05T11:25:00+0530,22582.9,22611,22576.6,22610.9,13520,19286215,NIFTY26OCTFUT
2026-10-05T11:30:00+0530,22610.9,22640,22608.6,22624.5,52845,19295185,NIFTY26OCTFUT
2026-10-05T11:35:00+0530,22624.5,22625,22585,22592.8,26650,19301100,NIFTY26OCTFUT
2026-10-05T11:40:00+0530,22592.8,22609.6,22587.1,22590.2,13585,19303635,NIFTY26OCTFUT
2026-10-05T11:45:00+0530,22590.2,22593.4,22575,22578.5,20670,19292845,NIFTY26OCTFUT
2026-10-05T11:50:00+0530,22578.5,22590,22556.6,22582.9,45760,19299215,NIFTY26OCTFUT
2026-10-05T11:55:00+0530,22582.9,22595.2,22550.2,22550.8,46345,19323135,NIFTY26OCTFUT
2026-10-05T12:00:00+0530,22550.2,22580,22532.6,22570,86905,19327945,NIFTY26OCTFUT
2026-10-05T12:05:00+0530,22570,22571.6,22510.2,22528,71630,19337760,NIFTY26OCTFUT
2026-10-05T12:10:00+0530,22528,22543,22519,22530,31005,19340685,NIFTY26OCTFUT
2026-10-05T12:15:00+0530,22530,22553,22525,22548.3,18785,19317740,NIFTY26OCTFUT
2026-10-05T12:20:00+0530,22548.3,22576.9,22545,22560.1,24505,19315205,NIFTY26OCTFUT
2026-10-05T12:25:00+0530,22560.1,22580,22551.1,22576,18915,19316765,NIFTY26OCTFUT
2026-10-05T12:30:00+0530,22576,22586,22561.8,22561.8,18330,19316700,NIFTY26OCTFUT
2026-10-05T12:35:00+0530,22561.8,22578.7,22561,22571.7,18070,19313320,NIFTY26OCTFUT
2026-10-05T12:40:00+0530,22571.7,22589.9,22570,22582.9,16445,19313255,NIFTY26OCTFUT
2026-10-05T12:45:00+0530,22582.9,22603,22579.1,22590,31850,19308055,NIFTY26OCTFUT
2026-10-05T12:50:00+0530,22586.1,22603.2,22552.5,22560.6,22100,19300320,NIFTY26OCTFUT
2026-10-05T12:55:00+0530,22560.6,22583.6,22560.6,22569,15080,19303115,NIFTY26OCTFUT
2026-10-05T13:00:00+0530,22569,22586.7,22556,22583.9,22945,19303115,NIFTY26OCTFUT
2026-10-05T13:05:00+0530,22583.9,22592.6,22577.1,22585.9,13065,19300710,NIFTY26OCTFUT
2026-10-05T13:10:00+0530,22585.9,22598.8,22575,22587.1,10205,19297460,NIFTY26OCTFUT
2026-10-05T13:15:00+0530,22587.1,22598.8,22580,22593,23595,19284395,NIFTY26OCTFUT
2026-10-05T13:20:00+0530,22593,22603.2,22582.5,22590,11375,19277635,NIFTY26OCTFUT
2026-10-05T13:25:00+0530,22590,22592.3,22575,22584.3,10335,19281015,NIFTY26OCTFUT
2026-10-05T13:30:00+0530,22584.3,22597.5,22580.1,22595,11960,19278285,NIFTY26OCTFUT
2026-10-05T13:35:00+0530,22595,22629.5,22590,22629.5,36335,19274710,NIFTY26OCTFUT
2026-10-05T13:40:00+0530,22629.5,22680,22629.5,22673,104390,19254040,NIFTY26OCTFUT
2026-10-05T13:45:00+0530,22673,22685,22647.6,22660,57070,19249945,NIFTY26OCTFUT
2026-10-05T13:50:00+0530,22660,22674.3,22651.2,22671,34710,19246695,NIFTY26OCTFUT
2026-10-05T13:55:00+0530,22671,22673,22641,22645,26975,19255015,NIFTY26OCTFUT
2026-10-05T14:00:00+0530,22645,22660,22589.2,22606.7,48490,19255145,NIFTY26OCTFUT
2026-10-05T14:05:00+0530,22607.2,22629.5,22588.5,22620.1,28665,19259500,NIFTY26OCTFUT
2026-10-05T14:10:00+0530,22620.1,22661.2,22615.4,22640.1,22360,19263595,NIFTY26OCTFUT
2026-10-05T14:15:00+0530,22640.1,22650,22606,22650,20930,19262620,NIFTY26OCTFUT
2026-10-05T14:20:00+0530,22650,22660.7,22636.8,22638,18720,19261125,NIFTY26OCTFUT
2026-10-05T14:25:00+0530,22638,22664.9,22635,22652.6,16575,19260475,NIFTY26OCTFUT
2026-10-05T14:30:00+0530,22652.6,22660,22638.1,22649.6,18525,19263010,NIFTY26OCTFUT
2026-10-05T14:35:00+0530,22649.6,22656.1,22630,22630,20930,19268990,NIFTY26OCTFUT
2026-10-05T14:40:00+0530,22638.3,22647.9,22625,22646,10725,19270095,NIFTY26OCTFUT
2026-10-05T14:45:00+0530,22646,22648,22621.2,22621.2,20410,19266390,NIFTY26OCTFUT
2026-10-05T14:50:00+0530,22621.2,22643.5,22612.2,22640.6,28535,19263660,NIFTY26OCTFUT
2026-10-05T14:55:00+0530,22640.6,22640.6,22612.3,22623.9,86905,19240780,NIFTY26OCTFUT
2026-10-05T15:00:00+0530,22623.9,22630.5,22590,22600,111605,19239610,NIFTY26OCTFUT
2026-10-05T15:05:00+0530,22596,22612.3,22593.2,22600,29445,19231485,NIFTY26OCTFUT
2026-10-05T15:10:00+0530,22594.8,22618.5,22594.8,22618.5,40950,19239545,NIFTY26OCTFUT
2026-10-05T15:15:00+0530,22618.5,22630,22612,22620.5,23400,19139900,NIFTY26OCTFUT
2026-10-05T15:20:00+0530,22620.5,22630,22615.6,22621,35230,19140940,NIFTY26OCTFUT
2026-10-05T15:25:00+0530,22621,22628,22620.1,22624,38610,19150755,NIFTY26OCTFUT
2026-10-05T15:30:00+0530,22623.9,22631.7,22620.9,22630,28340,19164405,NIFTY26OCTFUT
2026-10-05T15:35:00+0530,22630,22631.5,22620,22620,25090,19159660,NIFTY26OCTFUT
