datetime,open,high,low,close,volume,trading_symbol,scripcode,expiry
2026-10-01T09:08:10+0000,22630.0,22630.0,22630.0,22630.0,5460,NIFTY26OCTFUT,48704,2026-10-27
2026-10-01T09:19:59+0000,22638.0,22680.0,22615.0,22660.0,187980,NIFTY26OCTFUT,48704,2026-10-27
2026-10-01T09:24:59+0000,22650.5,22660.7,22605.6,22617.9,127985,NIFTY26OCTFUT,48704,2026-10-27
2026-10-01T09:29:59+0000,22618.6,22646.9,22610.5,22644.0,61425,NIFTY26OCTFUT,48704,2026-10-27
2026-10-01T09:34:59+0000,22644.0,22675.0,22638.1,22639.0,90415,NIFTY26OCTFUT,48704,2026-10-27
2026-10-01T09:39:59+0000,22641.9,22660.4,22633.1,22660.4,42445,NIFTY26OCTFUT,48704,2026-10-27
2026-10-01T09:44:59+0000,22660.4,22663.4,22648.0,22655.4,21710,NIFTY26OCTFUT,48704,2026-10-27
2026-10-01T09:49:59+0000,22652.4,22669.4,22635.0,22661.2,26130,NIFTY26OCTFUT,48704,2026-10-27
2026-10-01T09:54:58+0000,22661.2,22668.2,22640.0,22641.3,27365,NIFTY26OCTFUT,48704,2026-10-27
2026-10-01T09:59:58+0000,22640.0,22669.0,22625.0,22668.0,42900,NIFTY26OCTFUT,48704,2026-10-27
2026-10-01T10:04:58+0000,22668.0,22702.4,22663.0,22693.9,67795,NIFTY26OCTFUT,48704,2026-10-27
2026-10-01T10:09:58+0000,22693.9,22700.0,22671.0,22673.0,34385,NIFTY26OCTFUT,48704,2026-10-27
2026-10-01T10:14:58+0000,22671.0,22682.5,22649.8,22656.8,36725,NIFTY26OCTFUT,48704,2026-10-27
2026-10-01T10:19:58+0000,22659.0,22678.8,22654.3,22659.0,16575,NIFTY26OCTFUT,48704,2026-10-27
2026-10-01T10:24:59+0000,22655.3,22664.8,22645.5,22646.2,15470,NIFTY26OCTFUT,48704,2026-10-27
2026-10-01T10:29:59+0000,22647.1,22664.0,22636.0,22659.0,28925,NIFTY26OCTFUT,48704,2026-10-27
2026-10-01T10:34:59+0000,22652.6,22697.0,22650.4,22677.0,29380,NIFTY26OCTFUT,48704,2026-10-27
2026-10-01T10:39:59+0000,22677.0,22698.5,22674.8,22676.1,18850,NIFTY26OCTFUT,48704,2026-10-27
2026-10-01T10:44:59+0000,22676.7,22684.1,22655.6,22656.7,8125,NIFTY26OCTFUT,48704,2026-10-27
2026-10-01T10:49:59+0000,22656.7,22670.2,22648.0,22651.0,22490,NIFTY26OCTFUT,48704,2026-10-27
2026-10-01T10:54:58+0000,22650.2,22680.0,22648.0,22650.0,66885,NIFTY26OCTFUT,48704,2026-10-27
2026-10-01T10:59:59+0000,22650.0,22668.0,22648.3,22653.6,31330,NIFTY26OCTFUT,48704,2026-10-27
2026-10-01T11:04:58+0000,22652.7,22665.0,22640.0,22643.0,17290,NIFTY26OCTFUT,48704,2026-10-27
2026-10-01T11:09:59+0000,22642.1,22655.8,22632.6,22633.0,43550,NIFTY26OCTFUT,48704,2026-10-27
2026-10-01T11:14:59+0000,22632.2,22654.3,22630.1,22648.0,11310,NIFTY26OCTFUT,48704,2026-10-27
2026-10-01T11:19:58+0000,22649.9,22662.0,22641.1,22647.9,13195,NIFTY26OCTFUT,48704,2026-10-27
2026-10-01T11:24:58+0000,22647.7,22659.5,22625.0,22627.1,21515,NIFTY26OCTFUT,48704,2026-10-27
2026-10-01T11:29:59+0000,22633.6,22644.5,22623.0,22640.0,13780,NIFTY26OCTFUT,48704,2026-10-27
2026-10-01T11:34:58+0000,22640.0,22645.9,22628.0,22635.0,11050,NIFTY26OCTFUT,48704,2026-10-27
2026-10-01T11:39:59+0000,22639.4,22660.5,22638.4,22660.5,13000,NIFTY26OCTFUT,48704,2026-10-27
2026-10-01T11:44:59+0000,22655.5,22672.0,22652.0,22668.7,12870,NIFTY26OCTFUT,48704,2026-10-27
2026-10-01T11:49:58+0000,22673.7,22673.7,22648.0,22650.1,19630,NIFTY26OCTFUT,48704,2026-10-27
2026-10-01T11:54:59+0000,22648.5,22650.6,22635.0,22645.4,8125,NIFTY26OCTFUT,48704,2026-10-27
2026-10-01T11:59:59+0000,22639.7,22665.0,22639.7,22663.0,13260,NIFTY26OCTFUT,48704,2026-10-27
2026-10-01T12:04:59+0000,22663.0,22673.0,22638.0,22640.0,14040,NIFTY26OCTFUT,48704,2026-10-27
2026-10-01T12:09:58+0000,22636.0,22643.8,22608.1,22621.4,70395,NIFTY26OCTFUT,48704,2026-10-27
2026-10-01T12:14:58+0000,22615.0,22621.0,22574.0,22608.4,111865,NIFTY26OCTFUT,48704,2026-10-27
2026-10-01T12:19:59+0000,22601.1,22615.9,22575.9,22589.9,43810,NIFTY26OCTFUT,48704,2026-10-27
2026-10-01T12:24:59+0000,22590.0,22599.9,22555.0,22570.0,106470,NIFTY26OCTFUT,48704,2026-10-27
2026-10-01T12:29:58+0000,22570.0,22575.4,22550.0,22559.8,61685,NIFTY26OCTFUT,48704,2026-10-27
2026-10-01T12:34:58+0000,22559.4,22573.9,22540.3,22564.2,65780,NIFTY26OCTFUT,48704,2026-10-27
2026-10-01T12:39:58+0000,22560.1,22569.4,22555.0,22564.0,29055,NIFTY26OCTFUT,48704,2026-10-27
2026-10-01T12:44:59+0000,22560.5,22570.0,22510.8,22515.0,60580,NIFTY26OCTFUT,48704,2026-10-27
2026-10-01T12:49:59+0000,22511.0,22511.4,22450.0,22455.0,329030,NIFTY26OCTFUT,48704,2026-10-27
2026-10-01T12:54:59+0000,22457.5,22462.9,22421.9,22428.0,180375,NIFTY26OCTFUT,48704,2026-10-27
2026-10-01T12:59:58+0000,22435.5,22435.5,22375.1,22413.4,186225,NIFTY26OCTFUT,48704,2026-10-27
2026-10-01T13:04:58+0000,22408.9,22478.0,22408.9,22478.0,182065,NIFTY26OCTFUT,48704,2026-10-27
2026-10-01T13:09:59+0000,22478.0,22488.0,22454.0,22480.1,97565,NIFTY26OCTFUT,48704,2026-10-27
2026-10-01T13:14:59+0000,22472.1,22482.0,22458.1,22462.8,129675,NIFTY26OCTFUT,48704,2026-10-27
2026-10-01T13:19:59+0000,22462.3,22470.0,22421.0,22428.3,80470,NIFTY26OCTFUT,48704,2026-10-27
2026-10-01T13:24:59+0000,22427.7,22449.5,22418.0,22421.0,62075,NIFTY26OCTFUT,48704,2026-10-27
2026-10-01T13:29:59+0000,22420.2,22445.0,22415.0,22415.0,85735,NIFTY26OCTFUT,48704,2026-10-27
2026-10-01T13:34:59+0000,22419.4,22464.0,22406.8,22455.0,115765,NIFTY26OCTFUT,48704,2026-10-27
2026-10-01T13:39:59+0000,22453.9,22465.0,22423.1,22427.9,76180,NIFTY26OCTFUT,48704,2026-10-27
2026-10-01T13:44:59+0000,22430.8,22434.4,22368.4,22397.4,264745,NIFTY26OCTFUT,48704,2026-10-27
2026-10-01T13:49:59+0000,22395.0,22407.4,22379.0,22382.9,88335,NIFTY26OCTFUT,48704,2026-10-27
2026-10-01T13:54:59+0000,22382.9,22389.4,22370.0,22380.0,134030,NIFTY26OCTFUT,48704,2026-10-27
2026-10-01T13:59:59+0000,22376.4,22384.9,22340.0,22345.0,99385,NIFTY26OCTFUT,48704,2026-10-27
2026-10-01T14:04:58+0000,22349.0,22350.0,22321.0,22323.1,117130,NIFTY26OCTFUT,48704,2026-10-27
2026-10-01T14:09:58+0000,22323.7,22385.0,22321.0,22380.0,95615,NIFTY26OCTFUT,48704,2026-10-27
2026-10-01T14:14:59+0000,22380.0,22412.0,22370.1,22404.2,88205,NIFTY26OCTFUT,48704,2026-10-27
2026-10-01T14:19:58+0000,22403.0,22405.4,22375.4,22380.4,74100,NIFTY26OCTFUT,48704,2026-10-27
2026-10-01T14:24:59+0000,22380.4,22390.0,22371.3,22372.5,42380,NIFTY26OCTFUT,48704,2026-10-27
2026-10-01T14:29:59+0000,22373.7,22421.1,22373.7,22416.6,109265,NIFTY26OCTFUT,48704,2026-10-27
2026-10-01T14:34:59+0000,22416.5,22479.5,22412.9,22470.5,223275,NIFTY26OCTFUT,48704,2026-10-27
2026-10-01T14:39:59+0000,22473.4,22491.8,22449.4,22460.7,126685,NIFTY26OCTFUT,48704,2026-10-27
2026-10-01T14:44:59+0000,22463.0,22468.3,22442.7,22453.8,59735,NIFTY26OCTFUT,48704,2026-10-27
2026-10-01T14:49:59+0000,22458.0,22464.8,22440.0,22453.3,71630,NIFTY26OCTFUT,48704,2026-10-27
2026-10-01T14:54:59+0000,22451.1,22505.0,22451.1,22500.0,96265,NIFTY26OCTFUT,48704,2026-10-27
2026-10-01T14:59:59+0000,22500.0,22514.0,22486.7,22486.7,81835,NIFTY26OCTFUT,48704,2026-10-27
2026-10-01T15:04:59+0000,22485.0,22504.1,22470.1,22497.0,59475,NIFTY26OCTFUT,48704,2026-10-27
2026-10-01T15:09:59+0000,22496.0,22530.9,22491.6,22509.0,170300,NIFTY26OCTFUT,48704,2026-10-27
2026-10-01T15:14:59+0000,22500.1,22527.9,22500.1,22524.8,94770,NIFTY26OCTFUT,48704,2026-10-27
2026-10-01T15:19:58+0000,22527.9,22549.5,22520.6,22545.0,66755,NIFTY26OCTFUT,48704,2026-10-27
2026-10-01T15:24:58+0000,22545.0,22562.0,22536.0,22545.8,116805,NIFTY26OCTFUT,48704,2026-10-27
2026-10-01T15:29:59+0000,22542.3,22549.6,22526.3,22532.2,54730,NIFTY26OCTFUT,48704,2026-10-27
2026-10-01T15:34:59+0000,22534.9,22540.0,22510.0,22512.8,60710,NIFTY26OCTFUT,48704,2026-10-27
2026-10-01T15:39:59+0000,22514.3,22520.0,22503.2,22520.0,111995,NIFTY26OCTFUT,48704,2026-10-27
2026-10-01T15:40:01+0000,22520.0,22520.0,22520.0,22520.0,390,NIFTY26OCTFUT,48704,2026-10-27
2026-10-05T09:09:26+0000,22630.0,22630.0,22630.0,22630.0,8450,NIFTY26OCTFUT,48704,2026-10-27
2026-10-05T09:19:59+0000,22623.9,22678.0,22611.1,22674.8,436670,NIFTY26OCTFUT,48704,2026-10-27
2026-10-05T09:24:58+0000,22676.9,22676.9,22621.0,22660.0,196365,NIFTY26OCTFUT,48704,2026-10-27
2026-10-05T09:29:58+0000,22658.4,22691.8,22648.7,22681.9,156845,NIFTY26OCTFUT,48704,2026-10-27
2026-10-05T09:34:58+0000,22685.9,22709.0,22681.9,22700.0,127790,NIFTY26OCTFUT,48704,2026-10-27
2026-10-05T09:39:59+0000,22698.2,22701.8,22676.0,22700.1,108680,NIFTY26OCTFUT,48704,2026-10-27
2026-10-05T09:44:58+0000,22700.2,22705.0,22686.0,22695.0,54210,NIFTY26OCTFUT,48704,2026-10-27
2026-10-05T09:49:59+0000,22695.0,22728.0,22691.2,22718.0,100555,NIFTY26OCTFUT,48704,2026-10-27
2026-10-05T09:54:58+0000,22722.4,22729.0,22705.0,22715.3,57655,NIFTY26OCTFUT,48704,2026-10-27
2026-10-05T09:59:59+0000,22712.6,22729.0,22679.6,22681.5,68965,NIFTY26OCTFUT,48704,2026-10-27
2026-10-05T10:03:59+0000,22682.2,22687.0,22658.6,22666.6,97630,NIFTY26OCTFUT,48704,2026-10-27
