datetime,contract,split,dir,h_m1,clip_pressure,clip_count,y2,ret20atr,p_geometry_hm1,p_geometry_hm1_pressure
2026-08-03 12:30:00+05:30,NIFTY26AUGFUT,V,-1,False,0.38551654156234494,1,TARGET,1.1030860144452057,0.19854778677888762,0.22087355686649876
2026-08-03 14:15:00+05:30,NIFTY26AUGFUT,V,-1,True,0.06542884698379263,1,STOP,-2.562154696132545,0.2710430638160907,0.1920534240764633
2026-08-04 10:55:00+05:30,NIFTY26AUGFUT,V,-1,False,0.19263977190273934,2,STOP,6.397803538743061,0.2156212603809923,0.1818744789761298
2026-08-04 11:45:00+05:30,NIFTY26AUGFUT,V,-1,False,1.2441852343277011,3,STOP,3.733333333333153,0.2658810954204347,0.3951109749605708
2026-08-04 13:40:00+05:30,NIFTY26AUGFUT,V,-1,False,0.6797720689315734,2,STOP,-2.225110782865529,0.20487986009255876,0.24354275345949636
2026-08-05 09:15:00+05:30,NIFTY26AUGFUT,V,1,False,0.25100391023728696,1,STOP,0.1051813471503108,0.1788551980788676,0.10366497536770997
2026-08-05 12:30:00+05:30,NIFTY26AUGFUT,V,-1,False,0.4315503432452591,2,TARGET,1.2568306010928747,0.20857924890594165,0.21570333170607023
2026-08-05 13:40:00+05:30,NIFTY26AUGFUT,V,-1,False,0.6648444978439751,3,STOP,-3.999999999999892,0.21651731273708272,0.24232014040380284
2026-08-06 09:15:00+05:30,NIFTY26AUGFUT,V,1,False,0.11356062585123866,1,TIME,0.6904296875000273,0.1607488515489549,0.137266492964236
2026-08-06 09:45:00+05:30,NIFTY26AUGFUT,V,1,False,0.29333128621920035,2,STOP,0.3128683693516165,0.10908461618988685,0.10901391209182346
2026-08-06 11:10:00+05:30,NIFTY26AUGFUT,V,1,True,0.3116781230803082,1,STOP,-1.018290089323596,0.29966632044644415,0.23733335819382526
2026-08-07 09:15:00+05:30,NIFTY26AUGFUT,V,-1,False,0.5384310242271142,2,STOP,1.3655872024970388,0.2535189371753511,0.23698250835474524
2026-08-07 10:15:00+05:30,NIFTY26AUGFUT,V,-1,False,0.6333832335649814,3,TIME,0.3969974979149606,0.21017745813821728,0.24077055889489696
2026-08-07 11:00:00+05:30,NIFTY26AUGFUT,V,-1,False,0.01733457266061177,1,STOP,-0.3357441948990801,0.20000402978195936,0.15551236103524954
2026-08-07 13:15:00+05:30,NIFTY26AUGFUT,V,-1,True,0.41764162318058246,3,STOP,-1.3416087388281424,0.3174848381056345,0.27581371857996234
2026-08-10 09:15:00+05:30,NIFTY26AUGFUT,V,1,False,0.10566751472491136,1,STOP,-0.3790613718411452,0.18878617348746785,0.19891550459039478
2026-08-10 10:20:00+05:30,NIFTY26AUGFUT,V,1,True,0.8595984926515322,3,TIME,0.0495654972643396,0.2830134403313831,0.27909517075882706
2026-08-11 09:15:00+05:30,NIFTY26AUGFUT,V,-1,False,0.0,0,TARGET,1.463778939507079,0.22160349690760853,0.15132211628135855
2026-08-11 09:30:00+05:30,NIFTY26AUGFUT,V,-1,True,4.52509816164924,3,TARGET,1.888631090608?